user_id,partition
145613,1
164771,1
137996,1
130237,1
46819,1
81624,1
125197,1
136189,1
160259,1
197144,1
145289,1
43765,1
83120,1
92003,1
16670,1
55930,1
21129,1
104585,1
129853,1
51817,1
108194,1
29108,1
204344,1
109924,1
124912,1
74050,1
129477,1
120159,1
17694,1
55300,1
54961,1
86422,1
197705,1
55205,1
160693,1
176228,1
134837,1
83146,1
64069,1
1287,1
92756,1
41175,1
77141,1
664,1
114616,1
45685,1
68507,1
152791,1
165227,1
167937,1
175218,1
136973,1
85318,1
133685,1
81658,1
171825,1
9356,1
116373,1
158639,1
11799,1
51254,1
146033,1
168722,1
76099,1
76073,1
9685,1
83281,1
171652,1
163553,1
196919,1
152083,1
127009,1
164968,1
164221,1
27391,1
39907,1
149022,1
149618,1
116870,1
72122,1
17641,1
75041,1
56048,1
96069,1
36582,1
1657,1
200550,1
196365,1
101020,1
57442,1
85474,1
31997,1
7716,1
3167,1
111866,1
65635,1
68833,1
399,1
53852,1
145214,1
165827,1
165644,1
93892,1
79783,1
18424,1
73448,1
113357,1
190646,1
201859,1
143807,1
87729,1
87568,1
151561,1
171221,1
147659,1
125336,1
70815,1
190838,1
57524,1
156688,1
178510,1
118998,1
47812,1
56758,1
31960,1
130137,1
161777,1
81014,1
138692,1
30057,1
85962,1
100063,1
103259,1
1276,1
84111,1
72561,1
130721,1
186814,1
145159,1
138551,1
85270,1
205329,1
101516,1
135177,1
120824,1
71078,1
71966,1
162283,1
74779,1
99435,1
141854,1
26152,1
130885,1
199286,1
130349,1
199021,1
31484,1
74768,1
88342,1
144269,1
81491,1
117137,1
187476,1
117192,1
57295,1
38009,1
119523,1
120591,1
22523,1
69979,1
166186,1
54951,1
64924,1
134489,1
107545,1
201139,1
82698,1
4670,1
148,1
85679,1
97297,1
83077,1
25495,1
54686,1
93094,1
83630,1
19484,1
111092,1
27919,1
119861,1
16378,1
205454,1
19433,1
136643,1
55764,1
165276,1
95801,1
174324,1
49285,1
107081,1
204074,1
121445,1
4403,1
38889,1
24843,1
169232,1
205622,1
78787,1
19972,1
202296,1
33465,1
148503,1
74163,1
140222,1
196881,1
41200,1
55260,1
80969,1
78640,1
140590,1
86580,1
189158,1
94991,1
92225,1
133441,1
159672,1
60249,1
54379,1
137553,1
197358,1
194016,1
77475,1
93239,1
6675,1
105266,1
103482,1
184499,1
81207,1
174888,1
50637,1
103829,1
39461,1
52042,1
200311,1
166801,1
12062,1
151844,1
88346,1
136146,1
133743,1
67756,1
89370,1
21045,1
35650,1
68550,1
71102,1
89937,1
202701,1
82714,1
170773,1
113235,1
25577,1
42472,1
172488,1
42678,1
122209,1
57283,1
182669,1
96325,1
191500,1
54169,1
12195,1
75941,1
58912,1
82695,1
196151,1
14754,1
26778,1
74883,1
57996,1
65821,1
81679,1
183087,1
29030,1
99683,1
105223,1
137543,1
152366,1
14396,1
119324,1
33154,1
68848,1
19092,1
171205,1
55125,1
19010,1
171770,1
77248,1
165712,1
50532,1
197235,1
70087,1
137139,1
18507,1
90386,1
69383,1
50843,1
15299,1
189987,1
57556,1
40453,1
168036,1
1669,1
82590,1
172212,1
41955,1
141199,1
19279,1
146983,1
201815,1
56820,1
183521,1
175254,1
77978,1
41733,1
13617,1
2597,1
76153,1
19347,1
164764,1
52842,1
174906,1
35594,1
64532,1
92800,1
100495,1
180824,1
70798,1
205701,1
5872,1
54166,1
160674,1
109165,1
132549,1
25351,1
174350,1
31411,1
163996,1
101862,1
187931,1
97010,1
178541,1
54868,1
14201,1
170139,1
58447,1
146457,1
89354,1
136144,1
135190,1
169966,1
91691,1
74527,1
37085,1
65173,1
176370,1
26362,1
166320,1
51126,1
58031,1
194029,1
91987,1
100761,1
26315,1
51465,1
114271,1
92459,1
84585,1
199653,1
82532,1
9412,1
46243,1
152836,1
204123,1
114213,1
148559,1
193852,1
6063,1
118474,1
135284,1
22425,1
10425,1
56911,1
137892,1
154961,1
120833,1
106144,1
106953,1
103696,1
112947,1
124710,1
180570,1
35886,1
101363,1
32027,1
147463,1
178620,1
206126,1
65573,1
98404,1
55035,1
73493,1
31098,1
179921,1
54273,1
24873,1
34247,1
105535,1
68286,1
204002,1
31882,1
131480,1
46307,1
16801,1
108525,1
7140,1
179549,1
147953,1
84106,1
28180,1
120053,1
86201,1
151157,1
194768,1
150212,1
110536,1
58165,1
176420,1
118728,1
185062,1
71309,1
148366,1
60841,1
32489,1
141802,1
158716,1
77627,1
45660,1
68376,1
129747,1
147234,1
27906,1
143717,1
43902,1
173843,1
140643,1
123883,1
159740,1
121879,1
60179,1
96487,1
50709,1
160512,1
85575,1
8711,1
127024,1
65384,1
108572,1
73022,1
97713,1
11565,1
103261,1
125781,1
88756,1
200420,1
71776,1
57077,1
72344,1
39333,1
63866,1
129267,1
152823,1
99607,1
179719,1
802,1
112381,1
151197,1
10237,1
166037,1
180935,1
82745,1
88867,1
81991,1
61620,1
85428,1
13947,1
172280,1
132514,1
58466,1
9373,1
177415,1
176996,1
47600,1
178692,1
51720,1
17398,1
133434,1
136345,1
7369,1
203597,1
32723,1
61430,1
111129,1
43650,1
79313,1
13855,1
134887,1
33771,1
38135,1
17049,1
159848,1
42773,1
193202,1
84965,1
137751,1
23896,1
94635,1
91997,1
29479,1
14169,1
7029,1
4863,1
23321,1
138271,1
99033,1
100816,1
45230,1
10016,1
141332,1
175841,1
185877,1
70960,1
197168,1
64393,1
17276,1
154982,1
73322,1
28669,1
23827,1
4354,1
98472,1
9826,1
117138,1
69842,1
1156,1
77971,1
119733,1
192121,1
27189,1
125463,1
100097,1
41790,1
110558,1
60693,1
83984,1
98555,1
188625,1
131600,1
151938,1
132044,1
118451,1
175563,1
55053,1
26532,1
180517,1
170260,1
3269,1
58251,1
192833,1
81380,1
88226,1
76494,1
142432,1
183496,1
77249,1
105826,1
168079,1
49226,1
153959,1
4242,1
50765,1
48976,1
167561,1
72420,1
94420,1
192274,1
20445,1
187549,1
69584,1
117133,1
196796,1
636,1
82071,1
132546,1
122921,1
12920,1
188165,1
9678,1
123038,1
203905,1
79139,1
173343,1
36177,1
93969,1
199256,1
56134,1
68453,1
50899,1
121908,1
83304,1
116266,1
142998,1
180783,1
8510,1
75631,1
109020,1
2960,1
83063,1
100830,1
145485,1
31079,1
33300,1
134089,1
43316,1
173645,1
54922,1
18644,1
140768,1
18280,1
43187,1
15242,1
26434,1
147066,1
144285,1
195623,1
4681,1
122308,1
147852,1
37297,1
51458,1
162638,1
12748,1
51961,1
71417,1
194552,1
18500,1
169216,1
178096,1
83800,1
167836,1
58443,1
97463,1
163840,1
100845,1
183355,1
3789,1
101971,1
169612,1
94141,1
179909,1
26842,1
185391,1
175783,1
30955,1
12141,1
197288,1
4313,1
195377,1
129967,1
6668,1
14187,1
134891,1
197845,1
31178,1
64280,1
80534,1
150777,1
146521,1
132186,1
119467,1
173836,1
122771,1
114585,1
104597,1
180376,1
99465,1
78829,1
124867,1
194626,1
51145,1
2199,1
118843,1
96279,1
199091,1
42995,1
10622,1
19816,1
17006,1
122606,1
1014,1
111336,1
189131,1
113227,1
187451,1
56876,1
51006,1
48056,1
60855,1
32017,1
203174,1
26396,1
74198,1
66142,1
16282,1
152066,1
16203,1
135693,1
182233,1
114853,1
164123,1
124187,1
62408,1
97155,1
116446,1
81477,1
189903,1
13831,1
193265,1
7498,1
198220,1
115413,1
136530,1
157372,1
56305,1
18818,1
119470,1
181258,1
185479,1
108706,1
45197,1
149730,1
174435,1
51167,1
63525,1
145752,1
185873,1
127361,1
107950,1
40893,1
77318,1
100010,1
28083,1
176313,1
165852,1
191307,1
152729,1
106379,1
68714,1
91802,1
31029,1
44416,1
120034,1
175447,1
147127,1
111583,1
66295,1
162587,1
62773,1
37302,1
34146,1
93775,1
180649,1
155198,1
35264,1
125107,1
109400,1
39353,1
131821,1
84194,1
191473,1
50731,1
35741,1
92808,1
199650,1
140291,1
1434,1
140821,1
86367,1
28901,1
148307,1
9765,1
51496,1
7807,1
196210,1
9383,1
183876,1
133309,1
92981,1
159156,1
165097,1
97279,1
173716,1
196189,1
109234,1
21024,1
192197,1
185097,1
71141,1
61226,1
5863,1
148423,1
33786,1
26075,1
99756,1
59458,1
26317,1
121464,1
162995,1
44120,1
67087,1
122636,1
174188,1
198013,1
75870,1
31081,1
204735,1
135915,1
150220,1
108307,1
103405,1
157374,1
48661,1
72978,1
14402,1
5212,1
152696,1
83412,1
76078,1
202542,1
188930,1
81315,1
87698,1
51059,1
94838,1
52021,1
50350,1
43707,1
152504,1
159495,1
133141,1
21599,1
173934,1
21979,1
80021,1
18360,1
193134,1
26140,1
127245,1
175836,1
42194,1
180144,1
98347,1
108404,1
126502,1
181001,1
98851,1
38467,1
6498,1
29593,1
113391,1
199035,1
11283,1
143617,1
148459,1
63368,1
89362,1
45013,1
67288,1
178322,1
84285,1
186863,1
113353,1
80376,1
167976,1
123130,1
29530,1
105329,1
177234,1
19361,1
80748,1
12480,1
48822,1
29811,1
33817,1
13267,1
181930,1
62518,1
47394,1
52738,1
89058,1
109543,1
39943,1
27535,1
96831,1
77306,1
54127,1
25262,1
139201,1
39730,1
101735,1
123502,1
4178,1
92065,1
177344,1
72737,1
92691,1
89931,1
196741,1
95755,1
149279,1
131212,1
15291,1
189013,1
80891,1
119228,1
163114,1
107421,1
131320,1
41611,1
47376,1
203620,1
47465,1
38830,1
203854,1
172038,1
91242,1
171762,1
203384,1
7724,1
56110,1
103677,1
45945,1
83233,1
150751,1
56541,1
106250,1
114775,1
116497,1
53968,1
162292,1
183032,1
201446,1
159110,1
54063,1
184458,1
88069,1
104338,1
118746,1
112892,1
136965,1
147338,1
160100,1
114757,1
111162,1
172113,1
130668,1
8019,1
113917,1
203906,1
165755,1
169905,1
2545,1
13548,1
73430,1
26326,1
173739,1
54397,1
106565,1
50432,1
2450,1
4536,1
119459,1
45028,1
202592,1
47369,1
84205,1
302,1
91262,1
64711,1
158917,1
86369,1
197863,1
178227,1
71877,1
73823,1
12077,1
196026,1
83222,1
100923,1
124651,1
58748,1
79515,1
129299,1
104165,1
174117,1
30231,1
116428,1
32,1
103421,1
144995,1
197384,1
65024,1
145514,1
156532,1
15975,1
31813,1
25497,1
124845,1
126740,1
117623,1
85244,1
171518,1
25545,1
169275,1
180810,1
51062,1
193889,1
53405,1
88751,1
137884,1
197062,1
77297,1
37907,1
40204,1
140068,1
1179,1
134066,1
146998,1
172182,1
81214,1
176319,1
97891,1
153283,1
98196,1
23758,1
70859,1
52251,1
166682,1
93760,1
108844,1
16137,1
149546,1
124053,1
129859,1
202835,1
22819,1
162804,1
143150,1
194351,1
117203,1
32669,1
119375,1
4143,1
135998,1
72743,1
7580,1
22384,1
143785,1
34055,1
73571,1
67246,1
109727,1
106517,1
85355,1
123288,1
119979,1
132026,1
201985,1
109968,1
52240,1
163280,1
7687,1
139167,1
75678,1
171902,1
86677,1
54847,1
21788,1
134917,1
193681,1
17930,1
129447,1
39281,1
83918,1
10408,1
25087,1
76095,1
26034,1
41125,1
163358,1
96004,1
157625,1
83061,1
18769,1
174822,1
25441,1
133637,1
129103,1
98210,1
79154,1
6048,1
691,1
162673,1
138249,1
78136,1
172940,1
182422,1
15345,1
175521,1
59851,1
84844,1
141539,1
544,1
68669,1
122666,1
39452,1
163678,1
193801,1
39541,1
203009,1
135862,1
139907,1
74257,1
117604,1
3758,1
146230,1
202067,1
5897,1
47391,1
145625,1
202405,1
182153,1
166502,1
29328,1
186080,1
188019,1
38823,1
178733,1
85430,1
135718,1
18063,1
145339,1
79614,1
176124,1
201246,1
99600,1
28753,1
181881,1
142291,1
103430,1
13357,1
32059,1
111567,1
173593,1
127903,1
17344,1
122485,1
115482,1
169974,1
25084,1
108192,1
117301,1
114054,1
139046,1
197818,1
148251,1
122134,1
13957,1
143705,1
86453,1
128265,1
110868,1
17915,1
165550,1
62797,1
156363,1
176143,1
176216,1
35835,1
16405,1
196762,1
130657,1
126411,1
55324,1
55753,1
146551,1
196005,1
131664,1
180363,1
51760,1
125036,1
143406,1
168315,1
28733,1
99146,1
157297,1
69457,1
185058,1
9625,1
191650,1
30281,1
203222,1
148444,1
141482,1
34082,1
73441,1
187539,1
165327,1
116687,1
192959,1
193055,1
135059,1
6439,1
156816,1
206082,1
90337,1
193493,1
80188,1
27555,1
115127,1
45628,1
51716,1
202021,1
65829,1
25631,1
28520,1
81769,1
52942,1
155672,1
146117,1
69818,1
170048,1
124492,1
61398,1
5560,1
84814,1
15773,1
189513,1
170802,1
159891,1
34604,1
44403,1
44278,1
145730,1
182730,1
70892,1
136507,1
78017,1
2823,1
193887,1
165761,1
140808,1
84040,1
54559,1
51206,1
200011,1
134445,1
110730,1
201102,1
131719,1
14397,1
5293,1
176117,1
48755,1
148409,1
11027,1
106689,1
183326,1
202868,1
80062,1
88,1
56192,1
79652,1
176259,1
181503,1
43503,1
75005,1
106351,1
157560,1
14737,1
43339,1
98526,1
154252,1
188612,1
187478,1
140564,1
87558,1
112134,1
136652,1
41199,1
58807,1
6448,1
128581,1
22586,1
21508,1
184587,1
27512,1
64812,1
92926,1
193169,1
187658,1
171060,1
24043,1
14660,1
142104,1
104068,1
74929,1
102419,1
30576,1
122166,1
190757,1
129752,1
117177,1
182064,1
103073,1
46081,1
204272,1
143511,1
92928,1
117679,1
81848,1
172634,1
145184,1
172961,1
76947,1
50210,1
178553,1
97075,1
123489,1
188358,1
173070,1
182996,1
29386,1
38562,1
52201,1
156861,1
161625,1
51419,1
93961,1
45919,1
1967,1
117092,1
147742,1
38745,1
5091,1
93283,1
102369,1
24267,1
17774,1
158773,1
89125,1
31868,1
174557,1
17318,1
144851,1
184745,1
95999,1
159639,1
179809,1
116658,1
49835,1
149500,1
79328,1
98369,1
133967,1
26471,1
56723,1
95540,1
121576,1
77808,1
100815,1
27086,1
21334,1
140957,1
79496,1
109328,1
44066,1
6546,1
72717,1
167028,1
101485,1
172249,1
44502,1
96231,1
111091,1
176971,1
67089,1
44923,1
103427,1
160457,1
29896,1
188437,1
122390,1
192914,1
180165,1
88667,1
98350,1
124856,1
190370,1
77800,1
52455,1
99601,1
173290,1
37087,1
66367,1
124812,1
21523,1
180961,1
90811,1
118434,1
89026,1
4902,1
112195,1
39008,1
131764,1
171357,1
51351,1
14615,1
18674,1
186424,1
21097,1
135371,1
35872,1
186010,1
51402,1
369,1
65519,1
77441,1
153392,1
35211,1
167791,1
190326,1
35744,1
198333,1
165708,1
154512,1
190351,1
31028,1
80817,1
112073,1
127103,1
74810,1
101712,1
152652,1
132698,1
98469,1
64700,1
129679,1
46871,1
6845,1
125902,1
14731,1
186194,1
153727,1
64064,1
47399,1
102719,1
65267,1
133271,1
194962,1
118594,1
123310,1
30608,1
86292,1
78035,1
180997,1
200414,1
82063,1
3498,1
23749,1
175678,1
84230,1
48126,1
143486,1
173253,1
135297,1
20225,1
114458,1
120970,1
156311,1
60663,1
87555,1
168276,1
145475,1
162344,1
147861,1
92379,1
82148,1
123996,1
167572,1
163141,1
58196,1
86206,1
72809,1
172769,1
66862,1
9127,1
150840,1
137925,1
107429,1
83046,1
148348,1
90663,1
23113,1
62879,1
91544,1
171910,1
116162,1
80461,1
37254,1
194773,1
55416,1
135910,1
16792,1
99620,1
151344,1
89922,1
152061,1
95933,1
78068,1
46261,1
140667,1
111607,1
63537,1
129673,1
142402,1
155119,1
135278,1
127521,1
17902,1
104995,1
184540,1
141379,1
34282,1
145965,1
202193,1
186482,1
124580,1
53862,1
73751,1
126863,1
39558,1
131831,1
41430,1
31907,1
202964,1
105066,1
80232,1
169828,1
204899,1
82185,1
69140,1
83724,1
83372,1
21609,1
122469,1
194682,1
161463,1
160470,1
200182,1
82884,1
200894,1
82973,1
135472,1
77675,1
194315,1
82458,1
26108,1
88871,1
58798,1
9813,1
15667,1
92405,1
196137,1
14952,1
193296,1
180631,1
16313,1
149858,1
15227,1
55836,1
45006,1
180965,1
151499,1
148671,1
127654,1
193008,1
99659,1
59518,1
159345,1
81457,1
10729,1
57330,1
98109,1
74399,1
76273,1
162918,1
66543,1
3954,1
150585,1
88591,1
174408,1
97091,1
172047,1
134173,1
1498,1
50219,1
7690,1
12545,1
168965,1
80766,1
112968,1
35481,1
195240,1
153102,1
199200,1
99337,1
60753,1
122633,1
69862,1
198940,1
136387,1
176705,1
52377,1
30837,1
63140,1
13724,1
159361,1
55944,1
136379,1
28422,1
133071,1
125761,1
154583,1
405,1
21851,1
154750,1
50816,1
176482,1
81847,1
94119,1
76486,1
160707,1
43907,1
23763,1
71044,1
33291,1
75705,1
131362,1
3621,1
167796,1
27421,1
90173,1
98513,1
131791,1
186614,1
135270,1
36552,1
177601,1
84650,1
86448,1
112231,1
91803,1
164741,1
129887,1
22756,1
105085,1
66667,1
196942,1
144078,1
134148,1
126822,1
72188,1
112579,1
72379,1
26573,1
111432,1
1112,1
162613,1
102996,1
13745,1
56247,1
126131,1
83290,1
157268,1
39946,1
118597,1
12590,1
60808,1
42970,1
48142,1
56074,1
13549,1
173560,1
111192,1
33523,1
782,1
21602,1
117676,1
194513,1
159256,1
47017,1
49522,1
15195,1
203275,1
102396,1
33683,1
40070,1
18196,1
146563,1
193826,1
179933,1
14838,1
184378,1
52635,1
106472,1
55335,1
144998,1
50352,1
112119,1
8585,1
162657,1
33551,1
43029,1
174809,1
171916,1
32654,1
42135,1
167869,1
151807,1
59338,1
178671,1
52000,1
72113,1
183598,1
48041,1
150497,1
46937,1
163239,1
73042,1
137915,1
44795,1
45908,1
46435,1
113757,1
86702,1
95489,1
43626,1
16674,1
20427,1
8085,1
37735,1
25238,1
64817,1
178643,1
155058,1
169119,1
110496,1
40547,1
6280,1
156831,1
131196,1
129434,1
185468,1
120974,1
92135,1
99100,1
122973,1
10270,1
61147,1
175138,1
165292,1
200726,1
84251,1
117997,1
59368,1
50410,1
15193,1
201006,1
48569,1
17320,1
70473,1
93509,1
185183,1
166773,1
42864,1
116989,1
192675,1
108929,1
683,1
157772,1
199634,1
195268,1
153739,1
122647,1
168085,1
3416,1
99933,1
199351,1
60544,1
95889,1
156576,1
201111,1
53886,1
64510,1
70490,1
26683,1
179011,1
201755,1
108933,1
157110,1
26596,1
77981,1
193657,1
93983,1
53801,1
51996,1
187582,1
123385,1
46234,1
1070,1
162696,1
162248,1
194662,1
84058,1
122264,1
147217,1
7941,1
158372,1
42702,1
178684,1
116126,1
127547,1
29535,1
110976,1
99875,1
73070,1
61148,1
89664,1
95564,1
77729,1
60209,1
196672,1
43257,1
113118,1
195045,1
94266,1
187170,1
196523,1
46338,1
106253,1
88052,1
72571,1
60861,1
187113,1
78644,1
167443,1
49922,1
67278,1
193899,1
107976,1
114103,1
57642,1
173606,1
156240,1
12201,1
8744,1
95458,1
124142,1
29727,1
112615,1
7429,1
136138,1
69562,1
59955,1
175362,1
180476,1
94967,1
36538,1
70923,1
59959,1
19475,1
45238,1
37620,1
186626,1
15151,1
197894,1
144498,1
198702,1
132477,1
21074,1
164474,1
153946,1
58498,1
137771,1
187163,1
130093,1
27284,1
187016,1
88068,1
59849,1
97347,1
13866,1
46812,1
66400,1
145472,1
56672,1
65708,1
95849,1
84053,1
204983,1
142006,1
59332,1
194886,1
82160,1
24028,1
102091,1
184588,1
119734,1
177881,1
98478,1
42284,1
151068,1
136330,1
80235,1
160941,1
59729,1
169986,1
201874,1
104945,1
179167,1
113709,1
186447,1
21679,1
3841,1
110834,1
122824,1
86854,1
186161,1
27373,1
162788,1
159147,1
176398,1
130473,1
46779,1
89827,1
199476,1
64361,1
95394,1
140245,1
85255,1
27172,1
12972,1
37707,1
30295,1
173733,1
122223,1
107993,1
41984,1
204844,1
55817,1
84990,1
105909,1
1393,1
89765,1
33446,1
111812,1
73654,1
105341,1
79266,1
11093,1
129504,1
67773,1
128405,1
69997,1
39518,1
109956,1
164878,1
67461,1
11736,1
202551,1
9837,1
184102,1
98998,1
12050,1
26569,1
143298,1
75510,1
77378,1
192972,1
72515,1
153872,1
137809,1
148654,1
188279,1
38246,1
92855,1
160266,1
200804,1
58330,1
144929,1
63456,1
45153,1
30326,1
30913,1
105721,1
76470,1
78132,1
118370,1
191986,1
204569,1
10534,1
156428,1
3653,1
198776,1
150771,1
166581,1
138797,1
133954,1
138015,1
131034,1
150378,1
110532,1
32347,1
4733,1
137320,1
41631,1
53751,1
168597,1
79254,1
73570,1
14106,1
158815,1
58872,1
189005,1
192962,1
65652,1
184737,1
57437,1
14194,1
39268,1
123270,1
148279,1
139172,1
44750,1
31803,1
21210,1
64132,1
193858,1
41665,1
70672,1
81739,1
145989,1
48759,1
77097,1
146471,1
167391,1
177299,1
89540,1
174427,1
65504,1
120234,1
53210,1
144377,1
43852,1
171901,1
163618,1
172076,1
4609,1
18739,1
180445,1
186249,1
64018,1
101183,1
148492,1
130871,1
73861,1
200983,1
69135,1
122992,1
22399,1
95350,1
105718,1
3608,1
171928,1
157909,1
122894,1
77880,1
112487,1
5999,1
189939,1
153987,1
56101,1
149915,1
124758,1
29960,1
98626,1
22938,1
57687,1
160279,1
175842,1
16001,1
83490,1
127299,1
34838,1
74274,1
195893,1
124632,1
157257,1
62116,1
88305,1
111618,1
113611,1
11425,1
79901,1
76321,1
64115,1
131960,1
38517,1
137114,1
198064,1
43127,1
40943,1
34632,1
64045,1
35668,1
131756,1
178115,1
22215,1
10734,1
153000,1
142412,1
4613,1
13491,1
89862,1
115890,1
104962,1
171146,1
87631,1
194646,1
47319,1
30329,1
148031,1
190914,1
6162,1
182534,1
26228,1
49254,1
189832,1
15966,1
73192,1
133524,1
53512,1
73565,1
64297,1
108082,1
182873,1
49521,1
154053,1
170743,1
145079,1
67196,1
123115,1
146354,1
117730,1
149923,1
118799,1
150259,1
184934,1
189959,1
8696,1
23240,1
29410,1
187906,1
125853,1
2571,1
150338,1
169304,1
158089,1
61836,1
192619,1
148078,1
161374,1
187872,1
56619,1
193895,1
175341,1
23506,1
158638,1
117047,1
60333,1
196008,1
170574,1
100535,1
1875,1
133319,1
129974,1
90623,1
125648,1
95082,1
71484,1
30085,1
35687,1
142891,1
128575,1
31734,1
183043,1
153795,1
158540,1
194789,1
3444,1
32907,1
62454,1
173158,1
11193,1
105160,1
205476,1
34779,1
120790,1
99195,1
144437,1
15764,1
80683,1
135290,1
110388,1
150942,1
166670,1
40278,1
142032,1
183388,1
186746,1
21003,1
28714,1
137968,1
202337,1
2185,1
72497,1
98448,1
31265,1
155258,1
192451,1
158565,1
177936,1
17929,1
640,1
31002,1
201337,1
144931,1
197614,1
92731,1
52973,1
157109,1
67435,1
113887,1
6603,1
12881,1
174508,1
140788,1
69963,1
90840,1
86084,1
13838,1
197983,1
35745,1
177975,1
63632,1
158491,1
157843,1
73107,1
90341,1
66817,1
110883,1
21624,1
24144,1
80920,1
111203,1
22310,1
65072,1
120774,1
60568,1
182729,1
143857,1
195868,1
121535,1
190681,1
71807,1
25460,1
51130,1
93797,1
35109,1
191290,1
164945,1
30525,1
35561,1
59721,1
135419,1
147113,1
66612,1
100090,1
6457,1
20422,1
137989,1
187057,1
109845,1
142380,1
132708,1
148774,1
97851,1
29443,1
45218,1
28758,1
39543,1
119565,1
121636,1
153906,1
199231,1
53657,1
21883,1
181326,1
151187,1
141158,1
39411,1
192841,1
194214,1
34025,1
199977,1
170001,1
60718,1
78581,1
180436,1
185043,1
192719,1
109327,1
158041,1
148689,1
52877,1
55188,1
165144,1
168410,1
167761,1
40756,1
176106,1
32572,1
165431,1
15765,1
143472,1
69516,1
81062,1
129661,1
168748,1
105217,1
60243,1
45191,1
86096,1
185740,1
11553,1
172671,1
112766,1
60721,1
30559,1
75834,1
132639,1
7798,1
30751,1
50696,1
62369,1
101767,1
87797,1
8931,1
37280,1
118245,1
25942,1
26416,1
114412,1
145070,1
174583,1
106135,1
71387,1
88100,1
123376,1
62290,1
138278,1
138481,1
161693,1
189838,1
16924,1
15589,1
91287,1
52467,1
198861,1
121399,1
172398,1
191601,1
101646,1
28998,1
157275,1
130301,1
27816,1
196651,1
36249,1
110075,1
102478,1
75428,1
184466,1
63042,1
154229,1
39545,1
131512,1
157961,1
204202,1
75732,1
104919,1
4189,1
203944,1
61554,1
116421,1
65395,1
29606,1
91896,1
151948,1
25882,1
44068,1
190895,1
159309,1
123097,1
182163,1
35457,1
131425,1
203427,1
168296,1
168229,1
81432,1
79753,1
186033,1
195939,1
174353,1
73375,1
199009,1
79437,1
109683,1
148262,1
166155,1
200338,1
178274,1
43517,1
110765,1
199767,1
82496,1
155291,1
93499,1
41281,1
141485,1
125175,1
143457,1
32697,1
191194,1
147047,1
154406,1
59045,1
81921,1
186938,1
140846,1
65620,1
197414,1
44133,1
50832,1
62059,1
143636,1
188091,1
43849,1
53980,1
10060,1
82893,1
33494,1
196214,1
79553,1
15255,1
27432,1
61473,1
36199,1
145913,1
201673,1
154459,1
148259,1
144439,1
168343,1
11285,1
114366,1
26349,1
94586,1
32313,1
71011,1
162780,1
136821,1
20182,1
103923,1
12872,1
132309,1
73481,1
23656,1
163654,1
176654,1
160790,1
91601,1
78184,1
17591,1
168019,1
31585,1
177520,1
82623,1
27941,1
95813,1
128529,1
35604,1
180487,1
15036,1
62671,1
107641,1
11832,1
193687,1
197254,1
148249,1
168035,1
104138,1
189718,1
23224,1
162481,1
86992,1
105979,1
154517,1
94080,1
78984,1
1189,1
131720,1
182046,1
76900,1
63367,1
31772,1
79259,1
199821,1
10422,1
9527,1
27548,1
171787,1
101502,1
31480,1
124444,1
72001,1
171149,1
202189,1
190744,1
132364,1
16019,1
95950,1
169989,1
1779,1
79526,1
97845,1
104486,1
151702,1
63818,1
165194,1
34117,1
200571,1
53268,1
121982,1
95819,1
66806,1
164699,1
79868,1
90863,1
198525,1
58754,1
63738,1
197547,1
147109,1
94847,1
178257,1
128998,1
197654,1
181537,1
3862,1
128849,1
20814,1
145179,1
128367,1
170984,1
83747,1
155584,1
14359,1
13822,1
149161,1
192327,1
8504,1
65598,1
115224,1
71630,1
98797,1
170902,1
157397,1
15162,1
40053,1
183741,1
133498,1
62533,1
11461,1
129540,1
72393,1
4826,1
139832,1
37016,1
56683,1
66918,1
42648,1
130017,1
96163,1
73893,1
2150,1
8296,1
163821,1
131014,1
39127,1
183581,1
164468,1
105812,1
96799,1
141904,1
114159,1
86531,1
125452,1
170837,1
157013,1
121546,1
77198,1
171548,1
64838,1
139792,1
116493,1
91249,1
10187,1
101950,1
82875,1
78313,1
75447,1
159914,1
178932,1
37926,1
192657,1
102236,1
53030,1
126980,1
1916,1
51387,1
80151,1
175631,1
67721,1
10570,1
36547,1
47417,1
117232,1
121724,1
194799,1
5290,1
82103,1
19768,1
79923,1
163242,1
198960,1
68906,1
129385,1
43942,1
12267,1
31032,1
189296,1
53676,1
181110,1
125339,1
159006,1
116844,1
92571,1
76780,1
84181,1
189069,1
123959,1
37506,1
37834,1
133832,1
156113,1
47342,1
113778,1
164265,1
192558,1
187178,1
166750,1
72714,1
68205,1
101359,1
98318,1
125182,1
37987,1
82802,1
141953,1
162358,1
66779,1
113402,1
95842,1
43382,1
168710,1
172536,1
52781,1
33880,1
96341,1
54276,1
20849,1
141966,1
62483,1
85756,1
91132,1
136130,1
58949,1
726,1
24918,1
71255,1
159793,1
159524,1
25787,1
27518,1
71397,1
104628,1
182674,1
131679,1
65162,1
144786,1
145969,1
15190,1
40644,1
87039,1
151504,1
188050,1
194036,1
37371,1
151250,1
20551,1
71128,1
35888,1
190022,1
57931,1
117050,1
26256,1
177045,1
174453,1
184318,1
152367,1
144476,1
35877,1
99302,1
158981,1
127124,1
155213,1
167732,1
190105,1
184515,1
59724,1
66660,1
88001,1
203448,1
195104,1
86492,1
109109,1
12435,1
93353,1
205516,1
154119,1
31808,1
48715,1
186571,1
162316,1
15452,1
54142,1
21990,1
158742,1
25789,1
146130,1
202018,1
87671,1
163885,1
82270,1
147201,1
99995,1
60100,1
20600,1
49668,1
175313,1
46139,1
133382,1
69542,1
82471,1
121235,1
188269,1
44402,1
176211,1
177230,1
156947,1
28936,1
50351,1
16044,1
65476,1
5514,1
137326,1
56753,1
101028,1
21123,1
141141,1
163582,1
3109,1
31715,1
39762,1
92371,1
177066,1
156705,1
199663,1
24449,1
162972,1
108820,1
199355,1
187295,1
175075,1
142138,1
52299,1
74496,1
5329,1
118130,1
68977,1
1193,1
64066,1
87640,1
13121,1
95795,1
73491,1
176613,1
173401,1
130289,1
67784,1
123426,1
154975,1
23399,1
51808,1
178186,1
65544,1
112798,1
156129,1
67738,1
23393,1
130160,1
137452,1
105354,1
127272,1
160339,1
63610,1
38773,1
1359,1
131663,1
28105,1
198787,1
88112,1
84192,1
153764,1
95892,1
62350,1
200892,1
181235,1
107033,1
158412,1
15307,1
200424,1
31554,1
204291,1
153416,1
66765,1
10696,1
171844,1
115648,1
161622,1
49121,1
25037,1
154544,1
53508,1
60639,1
166121,1
174384,1
128382,1
171044,1
182269,1
27,1
519,1
188475,1
143348,1
149804,1
116501,1
133528,1
25984,1
195178,1
37638,1
112087,1
125907,1
150077,1
111337,1
25313,1
185814,1
147371,1
198295,1
78915,1
159822,1
112834,1
179318,1
141653,1
139015,1
3506,1
49232,1
152131,1
93607,1
105499,1
55012,1
14682,1
51071,1
66457,1
144990,1
6774,1
73262,1
144681,1
42896,1
75915,1
165126,1
42804,1
66189,1
34766,1
136977,1
118081,1
121671,1
29218,1
136846,1
74606,1
158785,1
193626,1
155911,1
130955,1
110899,1
61805,1
2309,1
51298,1
136497,1
164994,1
179528,1
71704,1
38326,1
113299,1
104267,1
200530,1
140027,1
39727,1
40096,1
177115,1
143921,1
100927,1
154659,1
77899,1
135994,1
18488,1
164328,1
138705,1
77499,1
65651,1
67430,1
71147,1
199119,1
24612,1
166725,1
107245,1
46152,1
40129,1
191875,1
140479,1
172485,1
25990,1
39665,1
57847,1
505,1
172034,1
51363,1
6234,1
32126,1
158854,1
15555,1
164588,1
69257,1
144997,1
114289,1
178427,1
27461,1
80867,1
84358,1
14089,1
94648,1
139984,1
91958,1
36488,1
13696,1
195696,1
138955,1
187356,1
144808,1
151231,1
163342,1
195587,1
167083,1
5486,1
68110,1
167458,1
27397,1
106665,1
35751,1
68871,1
138985,1
165593,1
134770,1
132294,1
162740,1
127039,1
169038,1
180463,1
137787,1
142253,1
43025,1
42143,1
168551,1
96290,1
115590,1
142755,1
174275,1
27746,1
30774,1
59353,1
190950,1
130775,1
195056,1
198020,1
142202,1
29807,1
32739,1
53101,1
58999,1
17624,1
102093,1
149771,1
47650,1
162784,1
91884,1
90527,1
137288,1
22554,1
134674,1
138319,1
103966,1
30492,1
157019,1
45815,1
133212,1
106579,1
77148,1
101428,1
3092,1
39382,1
137233,1
120453,1
124512,1
80984,1
187684,1
80096,1
7060,1
108486,1
61835,1
186451,1
130544,1
158386,1
19717,1
106979,1
75075,1
168946,1
108875,1
120909,1
102544,1
61722,1
175225,1
1870,1
33610,1
160113,1
37796,1
45596,1
3552,1
171057,1
25276,1
167362,1
109441,1
40867,1
73636,1
41000,1
124173,1
188052,1
196594,1
152206,1
158998,1
98530,1
41738,1
133185,1
145806,1
168799,1
16885,1
201726,1
160063,1
51374,1
130317,1
128317,1
198642,1
152892,1
2158,1
95906,1
24930,1
186600,1
105189,1
63906,1
120112,1
82696,1
14654,1
54427,1
167374,1
144316,1
170472,1
132545,1
85988,1
41021,1
88831,1
99295,1
104800,1
30202,1
36244,1
171317,1
159516,1
30091,1
133714,1
193234,1
98993,1
116486,1
63124,1
17686,1
14478,1
139594,1
147364,1
18802,1
183807,1
198610,1
69092,1
870,1
95056,1
119855,1
37673,1
148346,1
61948,1
197285,1
166686,1
56152,1
77998,1
11721,1
131304,1
205256,1
128546,1
3617,1
87967,1
181215,1
85260,1
50963,1
97710,1
133472,1
201894,1
49505,1
191011,1
196432,1
103502,1
116851,1
4200,1
175885,1
95654,1
167708,1
136831,1
58782,1
187428,1
191789,1
106160,1
45572,1
160724,1
35567,1
77334,1
138658,1
120408,1
66275,1
126665,1
127517,1
172726,1
116358,1
11686,1
99531,1
17302,1
55271,1
135515,1
63164,1
187744,1
66725,1
16437,1
99228,1
16287,1
24544,1
121833,1
108060,1
196420,1
124816,1
12569,1
133822,1
86306,1
87656,1
168192,1
158771,1
197038,1
19150,1
199293,1
126248,1
114966,1
39120,1
10768,1
149698,1
8556,1
39274,1
196654,1
203304,1
14740,1
81553,1
174325,1
193509,1
51632,1
723,1
45160,1
59969,1
83474,1
81712,1
109989,1
26384,1
30964,1
81917,1
62143,1
175577,1
202147,1
60626,1
63575,1
175859,1
34130,1
76869,1
140767,1
160076,1
121986,1
132170,1
78279,1
166987,1
144241,1
94195,1
197851,1
24802,1
173825,1
196529,1
175101,1
89178,1
155514,1
18519,1
125464,1
9103,1
202283,1
48337,1
15213,1
118725,1
170687,1
32107,1
119234,1
156631,1
150051,1
92172,1
146796,1
112542,1
17026,1
50882,1
16649,1
51143,1
141070,1
35039,1
173339,1
47062,1
762,1
129560,1
55346,1
148512,1
104456,1
7190,1
46736,1
154221,1
163260,1
185562,1
70549,1
140391,1
115734,1
56851,1
127001,1
152451,1
55918,1
91032,1
129546,1
23065,1
83938,1
63759,1
125242,1
180401,1
59455,1
173615,1
24664,1
178720,1
171964,1
135898,1
117384,1
180741,1
40029,1
154438,1
459,1
42450,1
138390,1
5842,1
178599,1
31285,1
134069,1
21875,1
50939,1
110039,1
166614,1
29129,1
148973,1
125233,1
177309,1
150701,1
28646,1
140123,1
74485,1
37680,1
27539,1
74325,1
156967,1
68476,1
83307,1
51860,1
191237,1
110269,1
187824,1
115560,1
96242,1
4550,1
145874,1
17528,1
96284,1
164606,1
151949,1
128262,1
194239,1
131066,1
199130,1
110125,1
37229,1
114508,1
52294,1
11473,1
70175,1
125321,1
173678,1
98302,1
107724,1
92164,1
195892,1
16951,1
168540,1
147120,1
63052,1
139236,1
40064,1
181349,1
22364,1
68119,1
141860,1
161004,1
138848,1
171703,1
112094,1
5559,1
161291,1
75253,1
69829,1
194579,1
204386,1
99401,1
68974,1
37311,1
101806,1
94465,1
191952,1
116233,1
64603,1
9726,1
104747,1
137031,1
186189,1
112484,1
23791,1
101937,1
126051,1
49817,1
204323,1
48831,1
110635,1
16430,1
8116,1
83188,1
204511,1
27498,1
201559,1
101400,1
29247,1
8529,1
80895,1
50581,1
73667,1
14624,1
153153,1
90407,1
75320,1
123766,1
61932,1
23164,1
529,1
41079,1
89550,1
100468,1
92918,1
189724,1
191948,1
112804,1
191422,1
167537,1
175566,1
175210,1
37145,1
140002,1
136209,1
55154,1
202250,1
61969,1
111869,1
167491,1
124836,1
66999,1
12865,1
77986,1
179638,1
78350,1
115889,1
122848,1
82612,1
93077,1
24142,1
152399,1
153996,1
51747,1
179732,1
122614,1
187412,1
20060,1
163775,1
87669,1
153477,1
75062,1
75699,1
34611,1
44396,1
92979,1
49184,1
25207,1
91861,1
123213,1
41168,1
20607,1
143212,1
26022,1
11894,1
169087,1
10067,1
83133,1
15215,1
175770,1
184217,1
21443,1
77707,1
195455,1
177664,1
59131,1
168894,1
132479,1
93770,1
113335,1
35293,1
93700,1
92168,1
165284,1
71108,1
21503,1
37721,1
174080,1
35488,1
184935,1
168407,1
187357,1
75891,1
61481,1
110821,1
14656,1
82571,1
82747,1
197047,1
42024,1
172851,1
36576,1
87353,1
133239,1
187849,1
121429,1
196698,1
37605,1
184157,1
185322,1
101123,1
140997,1
191213,1
99219,1
25026,1
46457,1
183410,1
18467,1
91321,1
123269,1
128210,1
143374,1
164759,1
201272,1
48720,1
184777,1
84937,1
206190,1
190208,1
159771,1
112910,1
92121,1
105489,1
174613,1
29544,1
25317,1
183572,1
98671,1
21761,1
28160,1
187280,1
35082,1
199888,1
116962,1
127418,1
83712,1
94001,1
48767,1
78682,1
98738,1
204396,1
18213,1
195922,1
161433,1
24801,1
155024,1
32197,1
27753,1
162427,1
176245,1
1255,1
136792,1
52311,1
110289,1
182694,1
1382,1
41024,1
123184,1
126631,1
99257,1
99016,1
118197,1
145848,1
15051,1
49858,1
65090,1
3525,1
25937,1
176133,1
111984,1
93150,1
111264,1
54304,1
11595,1
115952,1
203708,1
168123,1
8864,1
69196,1
118841,1
7014,1
86673,1
148803,1
204905,1
195676,1
62498,1
69672,1
72043,1
522,1
44665,1
54794,1
117946,1
184966,1
51089,1
168585,1
72940,1
170373,1
112471,1
131775,1
134685,1
108994,1
102410,1
180210,1
86255,1
189354,1
112224,1
43653,1
98670,1
160173,1
4857,1
118619,1
160176,1
91513,1
181836,1
10940,1
164111,1
94963,1
54769,1
111042,1
8062,1
11498,1
27159,1
122527,1
7409,1
82672,1
31563,1
166450,1
181724,1
18339,1
124931,1
99381,1
130107,1
24365,1
61802,1
175821,1
180026,1
184168,1
168066,1
48763,1
48299,1
81771,1
93827,1
41720,1
23409,1
99944,1
141161,1
65456,1
62250,1
88687,1
104488,1
91959,1
84533,1
41371,1
370,1
46968,1
101254,1
86097,1
91974,1
17796,1
183263,1
101958,1
141145,1
119446,1
184586,1
10170,1
78415,1
110384,1
2899,1
9917,1
126854,1
174685,1
14287,1
135680,1
198466,1
40708,1
161232,1
119223,1
191166,1
38231,1
190920,1
86873,1
23366,1
34042,1
152177,1
92302,1
196199,1
143877,1
76096,1
14563,1
199806,1
126560,1
143786,1
121850,1
100822,1
178489,1
101222,1
44296,1
26922,1
198647,1
53496,1
44851,1
11640,1
109960,1
196232,1
67636,1
66981,1
29452,1
13511,1
196453,1
71068,1
190981,1
167359,1
68695,1
188081,1
70575,1
160919,1
196590,1
169021,1
50252,1
41310,1
205639,1
137789,1
129869,1
158044,1
111983,1
175400,1
37278,1
118065,1
141601,1
163801,1
22211,1
28690,1
145350,1
203150,1
35061,1
165285,1
99774,1
195578,1
40243,1
186916,1
115188,1
53223,1
55665,1
31632,1
140852,1
132813,1
101616,1
141012,1
49860,1
77173,1
26736,1
19508,1
27443,1
142673,1
168565,1
170913,1
135592,1
18383,1
41355,1
184800,1
196066,1
196689,1
185705,1
187799,1
165665,1
61602,1
44297,1
67458,1
68397,1
82550,1
172396,1
201722,1
58150,1
8541,1
69141,1
13151,1
166277,1
171521,1
39848,1
22676,1
50245,1
94874,1
47660,1
31305,1
175557,1
29603,1
183530,1
139098,1
64219,1
188972,1
188518,1
51155,1
61824,1
113471,1
121106,1
95149,1
3685,1
197655,1
42484,1
49666,1
161885,1
138296,1
41673,1
124082,1
49401,1
10753,1
59525,1
47849,1
45252,1
152764,1
6889,1
84148,1
104228,1
74848,1
97793,1
42614,1
58076,1
67122,1
115080,1
160196,1
82237,1
25225,1
205952,1
79981,1
22752,1
127663,1
153375,1
152524,1
141571,1
35860,1
174064,1
152904,1
143910,1
125133,1
5439,1
94071,1
85586,1
201868,1
199097,1
74331,1
119638,1
8136,1
83258,1
187368,1
63826,1
195050,1
196443,1
137963,1
98436,1
167250,1
95214,1
14957,1
145153,1
6310,1
52666,1
52794,1
104573,1
179386,1
170202,1
203820,1
63827,1
57225,1
72008,1
39342,1
174650,1
31486,1
90570,1
171553,1
67451,1
62736,1
192430,1
133906,1
121551,1
907,1
109887,1
166858,1
164188,1
172755,1
131972,1
33412,1
143615,1
36406,1
15415,1
10162,1
108138,1
82637,1
151996,1
177770,1
69496,1
107044,1
76697,1
28905,1
154956,1
158456,1
203438,1
154099,1
29234,1
51881,1
142189,1
73073,1
156043,1
179378,1
86012,1
114146,1
199944,1
199819,1
124589,1
184424,1
78209,1
129768,1
76546,1
18431,1
193526,1
48692,1
200308,1
21233,1
202829,1
133275,1
13369,1
110902,1
81724,1
1167,1
54085,1
192982,1
107064,1
78502,1
166885,1
196614,1
55968,1
122049,1
24055,1
192238,1
165074,1
104069,1
144462,1
95559,1
153347,1
201350,1
188001,1
37105,1
132207,1
201574,1
202924,1
91624,1
29404,1
72659,1
191517,1
96823,1
93198,1
181629,1
167139,1
92073,1
93402,1
62086,1
152315,1
3004,1
32799,1
118651,1
125677,1
126291,1
156062,1
164596,1
4861,1
121138,1
42682,1
190361,1
19664,1
86414,1
107444,1
112166,1
30533,1
3700,1
146105,1
62884,1
19688,1
160813,1
29334,1
27327,1
130459,1
122103,1
64456,1
96269,1
29178,1
184530,1
146668,1
17357,1
171594,1
69798,1
25163,1
162656,1
50233,1
141760,1
163619,1
105681,1
204276,1
112785,1
184513,1
2625,1
26013,1
53047,1
39450,1
55977,1
51053,1
117391,1
92238,1
135479,1
72299,1
42434,1
105210,1
64271,1
84445,1
111243,1
86688,1
164879,1
99013,1
125154,1
99564,1
83407,1
133562,1
141642,1
122543,1
59740,1
172297,1
197921,1
56207,1
44648,1
145457,1
157870,1
46893,1
162334,1
151612,1
163170,1
179064,1
52521,1
42516,1
38941,1
99289,1
58477,1
88570,1
4587,1
195126,1
17445,1
149728,1
111173,1
135839,1
179799,1
14265,1
198106,1
193095,1
157695,1
38736,1
197142,1
178302,1
198665,1
49269,1
144093,1
143023,1
39656,1
171503,1
202646,1
156246,1
184922,1
142330,1
61664,1
191424,1
98876,1
175793,1
134827,1
186544,1
27179,1
72260,1
70779,1
124559,1
204335,1
119957,1
102326,1
3435,1
15178,1
62156,1
204994,1
20679,1
183078,1
96278,1
152684,1
133966,1
178057,1
41354,1
132697,1
101826,1
105572,1
190417,1
91451,1
36227,1
73838,1
48571,1
93980,1
89089,1
106988,1
105629,1
98159,1
139415,1
9507,1
23295,1
75714,1
345,1
64776,1
5095,1
174380,1
120308,1
106824,1
148695,1
92092,1
138812,1
180071,1
21421,1
80899,1
87751,1
89785,1
176586,1
79837,1
6350,1
202358,1
136914,1
137767,1
24750,1
26288,1
21946,1
148910,1
188188,1
24594,1
176787,1
71782,1
192546,1
122073,1
118462,1
108982,1
66900,1
90804,1
83361,1
127923,1
83170,1
46931,1
90842,1
203663,1
44765,1
29732,1
133959,1
30582,1
186551,1
157860,1
1353,1
65623,1
64540,1
59513,1
73333,1
79597,1
32514,1
128429,1
45417,1
53558,1
17745,1
15856,1
188642,1
112232,1
172044,1
55393,1
21113,1
134091,1
157931,1
133263,1
77839,1
46370,1
67829,1
162641,1
14162,1
131994,1
83615,1
145423,1
188345,1
175078,1
155567,1
190727,1
18773,1
36641,1
154107,1
108755,1
95387,1
109882,1
162500,1
155716,1
181465,1
45125,1
200734,1
128176,1
7789,1
97727,1
192141,1
156342,1
17645,1
186906,1
118600,1
191535,1
162130,1
188447,1
125518,1
150518,1
197465,1
198638,1
136181,1
126523,1
17205,1
149471,1
3227,1
157441,1
118817,1
33840,1
166210,1
33888,1
161575,1
125904,1
3743,1
97567,1
64672,1
198426,1
162538,1
45925,1
48718,1
126018,1
40148,1
79511,1
196575,1
80129,1
166203,1
186772,1
153149,1
144849,1
18928,1
131270,1
78754,1
81386,1
114483,1
103370,1
154365,1
70475,1
88451,1
189906,1
150815,1
69825,1
200779,1
112610,1
183351,1
149718,1
24150,1
140663,1
42805,1
110543,1
133130,1
89719,1
10423,1
71492,1
169204,1
137721,1
54250,1
50505,1
153751,1
4167,1
34027,1
36004,1
74514,1
12540,1
1876,1
141146,1
67227,1
113256,1
195494,1
149387,1
93405,1
105221,1
16438,1
198218,1
161337,1
85340,1
27054,1
112349,1
119163,1
141893,1
87395,1
203705,1
58561,1
37939,1
106154,1
32498,1
192714,1
91674,1
62159,1
196676,1
105465,1
21732,1
91078,1
145744,1
95704,1
38757,1
154453,1
6696,1
89150,1
158278,1
53909,1
190639,1
98858,1
174491,1
156782,1
200269,1
127069,1
196127,1
91387,1
144571,1
4141,1
129045,1
175501,1
81639,1
199372,1
112043,1
108829,1
168347,1
87497,1
67358,1
14400,1
8404,1
124039,1
160622,1
72100,1
115828,1
146635,1
64724,1
17702,1
187586,1
148715,1
137151,1
41813,1
135453,1
171194,1
184569,1
14378,1
114033,1
83416,1
88935,1
8248,1
191873,1
12503,1
27249,1
199099,1
177993,1
77788,1
200612,1
23316,1
34139,1
57666,1
154916,1
66003,1
154977,1
158239,1
21312,1
98418,1
172644,1
39363,1
71609,1
135826,1
139388,1
147112,1
163510,1
28466,1
41963,1
189274,1
136408,1
85779,1
148749,1
185969,1
135286,1
16155,1
180062,1
90920,1
103782,1
145200,1
202380,1
198957,1
79293,1
90330,1
26863,1
98414,1
10286,1
179605,1
141053,1
30893,1
128276,1
8108,1
81206,1
152190,1
56600,1
110274,1
44922,1
7300,1
61571,1
179094,1
107097,1
181980,1
131392,1
110575,1
13687,1
188440,1
66214,1
185989,1
123632,1
25557,1
180731,1
91227,1
205158,1
156657,1
67934,1
113568,1
42429,1
98363,1
160543,1
131090,1
53222,1
13390,1
26078,1
144906,1
180705,1
72835,1
67973,1
80267,1
100001,1
145939,1
37056,1
107176,1
137016,1
26017,1
178099,1
176462,1
158311,1
184980,1
89881,1
180112,1
198490,1
110324,1
69551,1
84090,1
77699,1
176692,1
139414,1
75889,1
205299,1
155170,1
162288,1
33550,1
23033,1
139744,1
82938,1
35148,1
59300,1
49258,1
23185,1
193457,1
36033,1
104381,1
29405,1
181931,1
157948,1
178190,1
91839,1
93167,1
106373,1
65796,1
48616,1
67103,1
111895,1
106143,1
31852,1
129322,1
145927,1
154798,1
204668,1
26541,1
157911,1
45762,1
97067,1
156664,1
9018,1
163594,1
105727,1
14840,1
80657,1
110371,1
204397,1
18251,1
81586,1
44318,1
108577,1
90654,1
148525,1
64247,1
139621,1
180694,1
45209,1
200731,1
141618,1
121849,1
85659,1
159066,1
77422,1
28168,1
102350,1
44994,1
89759,1
161401,1
112603,1
63729,1
53105,1
110862,1
61600,1
81735,1
160563,1
129522,1
145432,1
17000,1
5778,1
177174,1
51472,1
50191,1
74777,1
168975,1
138154,1
27674,1
8083,1
118472,1
3212,1
131028,1
57399,1
27895,1
61711,1
174305,1
112041,1
105064,1
42393,1
146246,1
195137,1
119891,1
108122,1
80884,1
200702,1
134594,1
98055,1
92253,1
22630,1
50780,1
86037,1
97281,1
110227,1
90977,1
139038,1
31687,1
62802,1
159234,1
22850,1
158980,1
134238,1
199230,1
113226,1
170270,1
65541,1
484,1
123734,1
120465,1
96458,1
6378,1
135609,1
55524,1
36196,1
5471,1
39923,1
97986,1
46108,1
18712,1
3094,1
148772,1
65111,1
110989,1
124299,1
34240,1
153038,1
695,1
76211,1
46423,1
163041,1
84651,1
128428,1
73234,1
158964,1
7221,1
127579,1
105939,1
168471,1
111381,1
125692,1
161514,1
130850,1
202781,1
193150,1
152353,1
106488,1
138685,1
15804,1
182732,1
88769,1
166598,1
125537,1
91056,1
186542,1
136264,1
198346,1
118910,1
139881,1
127924,1
77231,1
165925,1
164126,1
189898,1
69951,1
71311,1
180845,1
63439,1
105787,1
187417,1
94026,1
103830,1
90339,1
113290,1
159866,1
192648,1
99575,1
101503,1
62509,1
2024,1
191056,1
26913,1
169426,1
51209,1
96860,1
150828,1
85131,1
48091,1
196837,1
64442,1
76846,1
183446,1
37007,1
60732,1
42092,1
9473,1
184508,1
97258,1
61389,1
121800,1
206201,1
60616,1
158579,1
32337,1
164901,1
185111,1
63396,1
65532,1
97503,1
186224,1
163861,1
144259,1
41968,1
105938,1
58336,1
101760,1
101146,1
171647,1
181848,1
948,1
160555,1
177246,1
146553,1
153346,1
10752,1
168650,1
158659,1
161584,1
20702,1
127202,1
179284,1
4659,1
22017,1
163230,1
109804,1
119615,1
118110,1
7280,1
10213,1
205100,1
38611,1
126579,1
156136,1
125134,1
51780,1
106045,1
104749,1
84628,1
169095,1
177215,1
79516,1
112432,1
183198,1
23567,1
33319,1
100922,1
133591,1
48945,1
63133,1
133548,1
202075,1
20547,1
192986,1
201525,1
104913,1
106415,1
167887,1
7932,1
153951,1
54039,1
154586,1
190613,1
181673,1
73789,1
106355,1
35830,1
186240,1
66906,1
40625,1
191722,1
65624,1
138218,1
112724,1
120024,1
53406,1
44730,1
89195,1
41560,1
195908,1
124932,1
127259,1
172969,1
36742,1
186342,1
63107,1
116521,1
138024,1
191141,1
88133,1
80547,1
198872,1
169126,1
178447,1
9490,1
96195,1
40677,1
204702,1
62387,1
42123,1
76649,1
63798,1
59197,1
172054,1
16962,1
76986,1
157213,1
32797,1
105219,1
65346,1
159437,1
97076,1
26669,1
34521,1
198559,1
92044,1
107284,1
30880,1
154942,1
32786,1
160041,1
148489,1
186254,1
20685,1
99847,1
87342,1
50136,1
103258,1
170987,1
49183,1
93102,1
66533,1
25477,1
30996,1
29189,1
57971,1
187951,1
9261,1
52809,1
140348,1
117803,1
170781,1
68336,1
21176,1
41116,1
127407,1
13643,1
75685,1
33484,1
132889,1
39619,1
59414,1
79084,1
9087,1
133335,1
172126,1
78954,1
37856,1
4656,1
180605,1
144334,1
66068,1
169198,1
118863,1
76243,1
87393,1
167606,1
110917,1
93968,1
10820,1
94168,1
94391,1
181155,1
88475,1
56467,1
97445,1
26339,1
122712,1
178607,1
77726,1
152692,1
65461,1
146317,1
4532,1
33723,1
121768,1
14205,1
18050,1
177909,1
150264,1
123915,1
165161,1
179980,1
119134,1
10842,1
171076,1
103812,1
96682,1
169477,1
88547,1
18634,1
204961,1
202305,1
142428,1
143166,1
184015,1
44928,1
57818,1
179587,1
116522,1
202119,1
18670,1
206013,1
60813,1
133927,1
124259,1
58566,1
102513,1
39510,1
67627,1
119090,1
12254,1
176198,1
180272,1
147986,1
51888,1
158669,1
2865,1
125965,1
197700,1
180765,1
16345,1
22162,1
67314,1
102456,1
202616,1
84850,1
53962,1
120147,1
145486,1
125669,1
80294,1
7022,1
23976,1
31537,1
57419,1
127650,1
121319,1
38514,1
37266,1
179738,1
182515,1
141480,1
90489,1
121454,1
131403,1
126080,1
174010,1
203893,1
38803,1
45223,1
106593,1
56265,1
94940,1
82152,1
41830,1
133963,1
136056,1
22782,1
164323,1
77427,1
148210,1
114047,1
101973,1
194054,1
166632,1
57597,1
204866,1
95344,1
128808,1
103840,1
170918,1
166161,1
86133,1
192928,1
204348,1
188941,1
170513,1
132221,1
5159,1
87168,1
128671,1
82417,1
22126,1
29873,1
108514,1
133905,1
9059,1
132045,1
123753,1
172613,1
178000,1
58795,1
136496,1
31405,1
176181,1
173413,1
170577,1
29273,1
102923,1
98644,1
3079,1
171291,1
139851,1
183882,1
27221,1
206122,1
157921,1
166597,1
1778,1
96122,1
188864,1
160821,1
93932,1
136479,1
41483,1
107536,1
44482,1
93541,1
92988,1
64419,1
10061,1
77980,1
141999,1
5064,1
205739,1
185047,1
105567,1
4678,1
150905,1
49959,1
189877,1
166302,1
28710,1
159037,1
103229,1
173294,1
148208,1
65399,1
12579,1
34078,1
18622,1
130051,1
89538,1
7934,1
117573,1
128559,1
48314,1
95260,1
34491,1
140841,1
185470,1
48412,1
189489,1
110761,1
150255,1
57471,1
92929,1
107120,1
149621,1
191513,1
70313,1
57209,1
97558,1
170906,1
57816,1
193955,1
31834,1
138327,1
21714,1
36964,1
156099,1
17170,1
114941,1
24373,1
85258,1
195040,1
124842,1
21615,1
124505,1
25759,1
169963,1
185587,1
189028,1
91354,1
65336,1
40024,1
103562,1
63965,1
110073,1
22971,1
119917,1
101144,1
177829,1
172725,1
6422,1
138476,1
22800,1
55137,1
114478,1
19460,1
29417,1
149641,1
61104,1
165805,1
89942,1
50066,1
5563,1
114835,1
176936,1
61838,1
92595,1
79847,1
194907,1
187195,1
117516,1
181624,1
162363,1
67042,1
88955,1
152402,1
141340,1
75066,1
185893,1
56401,1
29670,1
65909,1
194198,1
44032,1
48441,1
33193,1
8333,1
115270,1
100653,1
174260,1
162324,1
101931,1
48669,1
50105,1
10552,1
181987,1
32406,1
121792,1
28235,1
63295,1
99382,1
71679,1
188706,1
68839,1
7958,1
159638,1
160404,1
40367,1
96043,1
53777,1
184665,1
14579,1
160602,1
145129,1
129984,1
176339,1
82728,1
74346,1
72415,1
66368,1
106178,1
112154,1
21855,1
101352,1
66878,1
87390,1
199151,1
129571,1
35158,1
14995,1
193532,1
96378,1
10102,1
35971,1
69224,1
14808,1
108537,1
146607,1
57078,1
44951,1
51634,1
67136,1
159621,1
156155,1
196481,1
21412,1
149308,1
15485,1
3163,1
79755,1
156738,1
114542,1
112378,1
145359,1
59425,1
124496,1
93403,1
66444,1
107234,1
25598,1
152152,1
112209,1
107504,1
11961,1
89634,1
192659,1
35086,1
103501,1
88059,1
13272,1
98639,1
69824,1
65976,1
157099,1
30876,1
204147,1
51297,1
30783,1
84349,1
109486,1
27694,1
179512,1
30920,1
71471,1
14524,1
49559,1
74923,1
66732,1
180277,1
54204,1
28333,1
166660,1
12356,1
46899,1
8024,1
117635,1
80906,1
69517,1
66106,1
39246,1
132363,1
116506,1
171463,1
38563,1
159794,1
55202,1
27810,1
7843,1
27822,1
137682,1
174273,1
185501,1
21243,1
85904,1
107665,1
100509,1
22317,1
63850,1
93748,1
165700,1
166040,1
113593,1
5839,1
197376,1
36068,1
188355,1
195905,1
83864,1
44226,1
114652,1
39048,1
101469,1
186409,1
86864,1
132763,1
92884,1
95494,1
180407,1
52817,1
18551,1
10568,1
204273,1
99734,1
86809,1
152959,1
159596,1
85797,1
158048,1
137191,1
39012,1
82055,1
7278,1
68133,1
156798,1
120351,1
24389,1
148548,1
205234,1
119947,1
128658,1
2786,1
195008,1
126475,1
180907,1
125260,1
135733,1
83584,1
143458,1
118379,1
140375,1
128841,1
81849,1
14213,1
61492,1
43716,1
166714,1
164791,1
21016,1
43569,1
149682,1
122111,1
201420,1
87060,1
98539,1
22591,1
26316,1
202774,1
38399,1
170431,1
128485,1
85930,1
88625,1
54679,1
7268,1
72818,1
98728,1
42642,1
85193,1
165320,1
66251,1
143059,1
157853,1
92053,1
95007,1
56256,1
196650,1
79213,1
118199,1
29432,1
190818,1
46770,1
135661,1
342,1
93549,1
139951,1
40966,1
43366,1
56075,1
52837,1
32067,1
104227,1
48689,1
9562,1
200877,1
197918,1
159002,1
94684,1
156343,1
135429,1
140169,1
190849,1
202009,1
114510,1
165542,1
24940,1
181897,1
55383,1
7675,1
67257,1
186710,1
188232,1
66316,1
154613,1
51533,1
167353,1
20137,1
196183,1
188957,1
94884,1
70258,1
147838,1
65473,1
114370,1
124970,1
59179,1
27608,1
131427,1
29994,1
1415,1
152000,1
108464,1
141186,1
165478,1
48098,1
80464,1
39205,1
201377,1
186688,1
103308,1
146254,1
1760,1
26774,1
42243,1
110837,1
205126,1
139252,1
200664,1
198448,1
188912,1
182412,1
42157,1
130298,1
92618,1
147188,1
87917,1
64206,1
33812,1
165963,1
70680,1
191572,1
67117,1
94984,1
168863,1
119905,1
193441,1
49804,1
144056,1
132641,1
169268,1
54543,1
1146,1
81239,1
76484,1
5464,1
28261,1
68680,1
72633,1
171145,1
206106,1
157897,1
172696,1
156004,1
89810,1
182795,1
133196,1
60353,1
40127,1
4848,1
125482,1
198696,1
109993,1
138062,1
160090,1
67804,1
194060,1
101325,1
107333,1
23280,1
112916,1
13374,1
110638,1
94215,1
92272,1
109377,1
62943,1
104897,1
156078,1
122182,1
34156,1
130447,1
96744,1
172563,1
38445,1
95762,1
161964,1
89676,1
36800,1
109440,1
158324,1
84592,1
78517,1
151797,1
60043,1
104655,1
81359,1
192179,1
151663,1
123095,1
58918,1
173610,1
176746,1
188548,1
14565,1
74137,1
43711,1
162535,1
141392,1
198338,1
204679,1
1429,1
188556,1
156029,1
112085,1
42347,1
167701,1
199722,1
34608,1
197290,1
186691,1
174403,1
35044,1
128912,1
162639,1
36080,1
88505,1
189138,1
168171,1
72072,1
201940,1
49912,1
198223,1
20184,1
24563,1
75047,1
20360,1
129125,1
7267,1
147069,1
55132,1
169929,1
21793,1
135211,1
141209,1
25300,1
85286,1
102219,1
129253,1
6896,1
182327,1
68367,1
65505,1
185788,1
117206,1
185947,1
103872,1
185820,1
61495,1
132196,1
72806,1
95160,1
121030,1
15500,1
172524,1
171158,1
80692,1
185855,1
141251,1
202533,1
52277,1
87288,1
155947,1
165790,1
154279,1
127960,1
33161,1
189083,1
69841,1
195891,1
138719,1
131485,1
178379,1
17578,1
178944,1
114538,1
69282,1
34539,1
120504,1
133426,1
86846,1
132515,1
52034,1
66637,1
147623,1
44806,1
142587,1
21760,1
102646,1
193361,1
119268,1
109717,1
160067,1
96338,1
164207,1
122720,1
75900,1
177754,1
24480,1
7355,1
201456,1
103769,1
42929,1
6927,1
73798,1
1735,1
11305,1
6861,1
41761,1
158006,1
146575,1
60219,1
108353,1
93407,1
28463,1
105720,1
29285,1
119059,1
68422,1
35152,1
1944,1
104117,1
155611,1
33041,1
51770,1
111862,1
176571,1
8065,1
31245,1
45783,1
206108,1
26448,1
24880,1
101739,1
24085,1
46205,1
98913,1
68145,1
153332,1
34662,1
166835,1
182818,1
40254,1
59823,1
136086,1
183136,1
130304,1
93024,1
51928,1
90916,1
40498,1
192317,1
203299,1
31277,1
113908,1
162091,1
115268,1
55044,1
43067,1
143170,1
190464,1
178441,1
27801,1
20471,1
192153,1
1060,1
159371,1
194507,1
113861,1
152821,1
52133,1
177672,1
168599,1
109028,1
127817,1
82942,1
28635,1
175535,1
127700,1
7143,1
131006,1
53339,1
88853,1
4556,1
186392,1
58065,1
72287,1
98114,1
89039,1
100609,1
117287,1
94188,1
172243,1
162026,1
166442,1
203456,1
83602,1
85735,1
177620,1
155823,1
156509,1
117464,1
1233,1
54923,1
81172,1
195953,1
11563,1
106855,1
49210,1
102759,1
184290,1
163133,1
101376,1
200155,1
104738,1
132580,1
160077,1
46724,1
142333,1
163880,1
135999,1
120398,1
126580,1
170662,1
108457,1
527,1
90317,1
106768,1
13997,1
167845,1
176105,1
162149,1
205390,1
29026,1
64438,1
85878,1
183013,1
36974,1
155431,1
205980,1
145280,1
73680,1
84711,1
95232,1
141286,1
121996,1
184072,1
78700,1
113104,1
23595,1
669,1
116708,1
92144,1
187637,1
120569,1
56594,1
162341,1
168157,1
177435,1
23923,1
168634,1
4757,1
56784,1
29357,1
81286,1
111070,1
184383,1
195727,1
116753,1
178018,1
41979,1
181661,1
55414,1
23205,1
2485,1
22711,1
203617,1
86443,1
182972,1
16034,1
199846,1
182909,1
177018,1
185604,1
123831,1
182992,1
80603,1
55029,1
132713,1
103794,1
160778,1
7731,1
51549,1
76643,1
46878,1
30174,1
54257,1
120240,1
184546,1
134270,1
188487,1
158167,1
175581,1
155669,1
122041,1
113907,1
145275,1
4180,1
117071,1
38995,1
125429,1
34984,1
37695,1
183594,1
179151,1
117013,1
76110,1
173246,1
116256,1
150634,1
131725,1
98031,1
8723,1
199183,1
127956,1
189163,1
97651,1
198673,1
86271,1
43480,1
68876,1
185959,1
169904,1
53565,1
131241,1
22683,1
139772,1
135348,1
40937,1
112972,1
1136,1
67386,1
110373,1
26215,1
15072,1
193505,1
110768,1
148698,1
134698,1
56281,1
148529,1
199030,1
15388,1
178774,1
81860,1
99688,1
129121,1
33788,1
95265,1
6102,1
177384,1
110436,1
171497,1
6204,1
72738,1
127536,1
196667,1
10705,1
186698,1
93472,1
37607,1
189632,1
185993,1
88736,1
183939,1
13663,1
58601,1
132846,1
93174,1
46628,1
173015,1
115297,1
31038,1
129765,1
192609,1
5851,1
172065,1
50500,1
143194,1
63614,1
141221,1
110105,1
190745,1
197442,1
170958,1
166978,1
47458,1
136642,1
64194,1
7052,1
36246,1
180929,1
119065,1
62465,1
74251,1
159525,1
112671,1
189630,1
47389,1
19355,1
197697,1
175960,1
103041,1
129570,1
26568,1
22266,1
27143,1
42802,1
113971,1
73239,1
122820,1
159951,1
137506,1
42987,1
70182,1
99217,1
174857,1
86209,1
76665,1
198811,1
85783,1
198530,1
203647,1
110235,1
157563,1
181741,1
50552,1
64105,1
87333,1
38288,1
15143,1
53131,1
180675,1
174550,1
168819,1
2196,1
108142,1
108835,1
29735,1
171847,1
80617,1
191140,1
160234,1
121623,1
160564,1
85287,1
120803,1
46426,1
53644,1
90184,1
1713,1
161886,1
102585,1
23947,1
151331,1
77009,1
189045,1
19479,1
175553,1
54657,1
180875,1
28918,1
29425,1
52082,1
80061,1
85501,1
163191,1
8250,1
157981,1
90419,1
74491,1
143557,1
16761,1
105411,1
77545,1
39229,1
41361,1
189461,1
15603,1
94319,1
143470,1
89419,1
140237,1
181360,1
17706,1
170038,1
164046,1
179360,1
61144,1
26343,1
188613,1
171564,1
25889,1
43069,1
90991,1
140682,1
119344,1
58266,1
113283,1
68743,1
44210,1
103293,1
155147,1
55211,1
130247,1
97379,1
25755,1
16756,1
69491,1
154261,1
133225,1
19340,1
27479,1
131804,1
200282,1
128634,1
56258,1
80251,1
191501,1
105063,1
17065,1
97422,1
109723,1
5803,1
53015,1
91472,1
91704,1
10251,1
116244,1
31201,1
111599,1
185694,1
97492,1
154,1
78352,1
145769,1
19065,1
93578,1
160864,1
29160,1
187050,1
71612,1
123607,1
62322,1
103821,1
859,1
62292,1
30663,1
186167,1
138320,1
79433,1
99298,1
50127,1
63401,1
164007,1
141118,1
6543,1
169465,1
42979,1
168206,1
167223,1
13654,1
100075,1
7234,1
179965,1
140921,1
1755,1
98956,1
71198,1
91113,1
110535,1
11712,1
88855,1
144908,1
26697,1
14444,1
116991,1
66039,1
140585,1
125188,1
170916,1
31303,1
67830,1
194573,1
123370,1
15909,1
152917,1
180291,1
41337,1
77682,1
81902,1
203931,1
165926,1
100703,1
135740,1
56668,1
145192,1
163640,1
90180,1
12599,1
155016,1
192280,1
176111,1
87191,1
123922,1
2126,1
21164,1
29381,1
198113,1
167202,1
50079,1
118069,1
54672,1
121514,1
4470,1
25802,1
29368,1
42685,1
181139,1
157153,1
154462,1
95782,1
6599,1
180718,1
8461,1
147615,1
49112,1
11038,1
193708,1
81709,1
57219,1
204786,1
7271,1
149793,1
183901,1
14237,1
74153,1
40932,1
138173,1
95298,1
134056,1
148533,1
98280,1
32473,1
159089,1
65157,1
200683,1
74231,1
142126,1
39934,1
81747,1
168687,1
56367,1
134681,1
26787,1
14023,1
186834,1
34730,1
198617,1
1764,1
125158,1
199333,1
109235,1
6018,1
134309,1
183621,1
12690,1
86822,1
150608,1
158896,1
82451,1
54254,1
106042,1
144144,1
80391,1
146687,1
106769,1
198856,1
149404,1
21028,1
151574,1
180916,1
5025,1
81934,1
3463,1
201179,1
201154,1
10375,1
131717,1
76331,1
148256,1
69539,1
49167,1
9391,1
5258,1
205697,1
163318,1
121090,1
48840,1
205653,1
194650,1
130131,1
153638,1
64293,1
162805,1
59555,1
187320,1
98359,1
31202,1
30461,1
5321,1
17709,1
197636,1
55849,1
133980,1
55766,1
37573,1
61949,1
201044,1
62382,1
70567,1
187623,1
160925,1
51430,1
76779,1
119694,1
12164,1
27102,1
104788,1
49973,1
167486,1
140288,1
158759,1
7714,1
130475,1
118891,1
67598,1
57804,1
26169,1
139439,1
84617,1
83365,1
54675,1
177782,1
26698,1
105151,1
37303,1
47775,1
3138,1
187058,1
146382,1
3484,1
79165,1
12064,1
174904,1
147106,1
11152,1
169741,1
75348,1
47345,1
177071,1
139999,1
32779,1
75081,1
56819,1
114669,1
71193,1
69955,1
75468,1
170585,1
132442,1
56457,1
189991,1
112413,1
205268,1
115538,1
25149,1
195141,1
53875,1
142287,1
63507,1
117111,1
142546,1
121059,1
20257,1
169647,1
162017,1
35722,1
185005,1
140074,1
43342,1
157313,1
5032,1
70610,1
86924,1
24209,1
154740,1
71120,1
157924,1
60538,1
144722,1
37338,1
45271,1
5061,1
164932,1
188449,1
50781,1
28683,1
175880,1
73415,1
185216,1
102147,1
77430,1
23074,1
45319,1
114970,1
153421,1
165851,1
54747,1
113423,1
8171,1
174328,1
197609,1
98932,1
22294,1
74074,1
63032,1
128574,1
30013,1
63600,1
77277,1
105547,1
125764,1
98239,1
66675,1
175953,1
111670,1
152552,1
172571,1
183928,1
139079,1
77797,1
65171,1
201602,1
102846,1
80550,1
187313,1
83849,1
178609,1
164302,1
202432,1
45339,1
65198,1
124614,1
49371,1
50479,1
87870,1
136266,1
53403,1
108489,1
152123,1
191738,1
137803,1
73089,1
154869,1
197080,1
68867,1
162326,1
142356,1
43809,1
20450,1
62001,1
85777,1
199682,1
114667,1
64522,1
101941,1
49745,1
205537,1
175126,1
202182,1
174171,1
110402,1
164909,1
198805,1
1419,1
87487,1
117700,1
23281,1
86045,1
186274,1
31548,1
58085,1
90299,1
113496,1
13106,1
27824,1
131016,1
37716,1
66380,1
185385,1
32722,1
146072,1
198725,1
199016,1
166913,1
197170,1
101453,1
160984,1
45861,1
49979,1
186917,1
193793,1
139116,1
164580,1
42051,1
90939,1
61959,1
73090,1
42859,1
22022,1
64909,1
146876,1
40865,1
59777,1
205878,1
2078,1
102137,1
67368,1
80637,1
33077,1
104024,1
57327,1
82332,1
111522,1
140774,1
184260,1
9180,1
148839,1
65924,1
4059,1
12526,1
173295,1
23076,1
62052,1
14954,1
171576,1
106158,1
1971,1
184959,1
61409,1
6166,1
114167,1
123469,1
83531,1
142197,1
96563,1
188814,1
59627,1
19760,1
90483,1
169471,1
12786,1
11247,1
143344,1
46680,1
116040,1
189802,1
111030,1
162980,1
119498,1
14262,1
155862,1
174178,1
53730,1
86825,1
66019,1
17052,1
177689,1
170776,1
90965,1
176125,1
122499,1
202777,1
202091,1
133563,1
122441,1
82079,1
23684,1
101358,1
95592,1
67969,1
179056,1
169285,1
117537,1
20688,1
126194,1
6812,1
150201,1
1449,1
63074,1
114028,1
118794,1
88107,1
200115,1
184661,1
177991,1
101747,1
112084,1
114953,1
28003,1
175435,1
81662,1
108975,1
171398,1
17275,1
77165,1
161050,1
90391,1
192618,1
74291,1
76789,1
111424,1
40538,1
149561,1
186054,1
25966,1
56228,1
136207,1
68432,1
3570,1
203381,1
195886,1
9935,1
135945,1
57098,1
159476,1
9620,1
119052,1
32529,1
51010,1
106330,1
179192,1
12826,1
185438,1
118160,1
66545,1
106497,1
48535,1
193910,1
70810,1
39432,1
123752,1
34816,1
113087,1
182306,1
78258,1
156399,1
70776,1
26180,1
59917,1
204536,1
107817,1
166335,1
50880,1
183298,1
202107,1
67776,1
17018,1
198115,1
153275,1
54051,1
189902,1
103270,1
130573,1
102751,1
43788,1
4702,1
155842,1
89476,1
173398,1
146797,1
29653,1
160430,1
96958,1
77073,1
48963,1
153831,1
22053,1
181055,1
166949,1
71870,1
86882,1
196637,1
81827,1
120126,1
197755,1
87245,1
102830,1
136030,1
68800,1
178045,1
180368,1
177098,1
175139,1
194912,1
137856,1
203521,1
8047,1
175834,1
103251,1
108021,1
22875,1
182746,1
191579,1
121602,1
147342,1
41651,1
28121,1
52665,1
127213,1
7181,1
204314,1
97033,1
178016,1
153830,1
170638,1
176160,1
140339,1
89462,1
53914,1
170853,1
189117,1
53732,1
108867,1
187868,1
55860,1
114638,1
144052,1
109427,1
56163,1
3179,1
24441,1
35991,1
90943,1
146968,1
134029,1
104120,1
186634,1
127528,1
75448,1
157739,1
11662,1
174956,1
10747,1
40684,1
197480,1
142059,1
128080,1
115622,1
75735,1
176142,1
50713,1
161166,1
153113,1
79253,1
26045,1
204308,1
5815,1
57118,1
17100,1
54517,1
131933,1
187506,1
142837,1
62832,1
68508,1
155711,1
83069,1
134575,1
101572,1
120286,1
19360,1
127457,1
28769,1
165693,1
4380,1
62876,1
63138,1
131841,1
93811,1
178454,1
138761,1
165230,1
70411,1
101746,1
128566,1
120350,1
83237,1
182151,1
117688,1
26796,1
7042,1
141906,1
190588,1
29824,1
152851,1
48247,1
15068,1
89322,1
146129,1
106939,1
1927,1
145028,1
204456,1
35408,1
198563,1
178324,1
17416,1
50408,1
130962,1
106829,1
68331,1
106895,1
139525,1
130487,1
133195,1
205574,1
190623,1
136414,1
153922,1
97542,1
15649,1
167977,1
159303,1
199268,1
201199,1
91622,1
25587,1
117498,1
4971,1
165397,1
162229,1
8946,1
203525,1
94905,1
179855,1
175290,1
123681,1
87704,1
172595,1
5535,1
35496,1
67401,1
145846,1
36817,1
66325,1
77649,1
95307,1
106905,1
105836,1
89932,1
45486,1
34583,1
117388,1
174875,1
156007,1
198198,1
152953,1
36487,1
63277,1
173688,1
20451,1
117417,1
79384,1
138564,1
98575,1
55279,1
59333,1
13453,1
171530,1
90333,1
106503,1
164340,1
13143,1
165669,1
158563,1
178562,1
141067,1
25076,1
129872,1
115897,1
85380,1
100543,1
159117,1
22505,1
62206,1
185628,1
9291,1
44019,1
196790,1
15887,1
84322,1
55936,1
35712,1
119785,1
84732,1
86608,1
180506,1
141267,1
196254,1
21583,1
165332,1
92750,1
10009,1
59055,1
158067,1
48627,1
69063,1
205116,1
105707,1
57657,1
145618,1
170072,1
49204,1
152751,1
66307,1
23853,1
9629,1
16603,1
127156,1
44927,1
130106,1
94520,1
100101,1
28978,1
46321,1
54460,1
138261,1
109215,1
93215,1
146201,1
104252,1
90253,1
71636,1
100465,1
66134,1
183700,1
43858,1
33931,1
117528,1
158236,1
87928,1
18031,1
77271,1
119006,1
91772,1
104922,1
4915,1
112285,1
69504,1
29771,1
67926,1
100196,1
169786,1
172605,1
123485,1
17613,1
166904,1
195821,1
177009,1
101161,1
1813,1
123918,1
193129,1
11974,1
117280,1
88934,1
147516,1
8092,1
6486,1
24657,1
49924,1
131574,1
183740,1
66798,1
127026,1
173427,1
136923,1
116943,1
88696,1
28660,1
127503,1
32074,1
164510,1
190014,1
83987,1
129234,1
135313,1
40674,1
131257,1
117525,1
169744,1
109386,1
79987,1
86860,1
140604,1
66290,1
159486,1
42517,1
156930,1
104192,1
76393,1
24334,1
590,1
90366,1
53940,1
47668,1
68747,1
77186,1
69689,1
113073,1
56092,1
71677,1
54547,1
27165,1
193986,1
116624,1
145805,1
48753,1
35019,1
71378,1
145655,1
127482,1
10901,1
116886,1
43298,1
118250,1
15278,1
142429,1
135032,1
152086,1
196233,1
46320,1
187490,1
19470,1
92046,1
161061,1
126874,1
42086,1
69006,1
139418,1
44314,1
78337,1
8917,1
88566,1
50594,1
30860,1
139624,1
162027,1
41259,1
52624,1
55731,1
190599,1
49998,1
24770,1
168739,1
8607,1
30446,1
41549,1
90864,1
131580,1
165351,1
102177,1
46211,1
1409,1
71207,1
159020,1
29822,1
165735,1
13875,1
37918,1
70499,1
3249,1
20317,1
137011,1
42221,1
14544,1
12890,1
81643,1
69631,1
129600,1
165094,1
22427,1
130140,1
198169,1
27955,1
174031,1
38331,1
192651,1
56679,1
8334,1
140088,1
33663,1
114994,1
80435,1
134727,1
131640,1
42559,1
84976,1
53824,1
129988,1
123222,1
29487,1
4441,1
138877,1
119584,1
181002,1
116308,1
184722,1
168733,1
168552,1
139900,1
127190,1
28248,1
54756,1
197317,1
108769,1
131747,1
20218,1
132500,1
153634,1
103388,1
44211,1
204947,1
15262,1
125035,1
45594,1
141908,1
33848,1
101396,1
87881,1
106776,1
130861,1
106394,1
88472,1
155104,1
114898,1
143863,1
126054,1
142955,1
60268,1
87066,1
137162,1
64412,1
175195,1
54184,1
122227,1
61521,1
84066,1
170735,1
28749,1
172801,1
104712,1
55404,1
58554,1
90076,1
120835,1
4833,1
9266,1
163391,1
144337,1
125934,1
62316,1
164599,1
121175,1
80174,1
28511,1
129573,1
199440,1
159428,1
144946,1
65322,1
76119,1
88087,1
127110,1
44591,1
61672,1
150363,1
198593,1
80388,1
84997,1
145230,1
40092,1
124370,1
185580,1
149372,1
58053,1
133104,1
38174,1
89314,1
98499,1
188938,1
73266,1
171736,1
184602,1
181204,1
63103,1
198561,1
61595,1
197969,1
205168,1
203258,1
59609,1
128904,1
150456,1
8720,1
185325,1
89100,1
114942,1
49901,1
158445,1
107398,1
30684,1
139846,1
160960,1
199528,1
199210,1
71866,1
64996,1
83744,1
139632,1
40223,1
114733,1
203372,1
13210,1
160425,1
186974,1
56219,1
120851,1
91502,1
57583,1
149813,1
91099,1
109042,1
160189,1
131948,1
125879,1
82242,1
173618,1
54019,1
187735,1
150696,1
109976,1
49021,1
115339,1
149463,1
91522,1
173105,1
108589,1
159410,1
186089,1
191685,1
167567,1
125847,1
75762,1
200994,1
15483,1
57600,1
179536,1
114278,1
109855,1
85701,1
72682,1
26426,1
194677,1
105999,1
177393,1
104872,1
192496,1
131682,1
77131,1
122307,1
120516,1
105840,1
132079,1
78084,1
125796,1
172977,1
24517,1
82080,1
54772,1
105491,1
34685,1
128193,1
205410,1
53498,1
69853,1
5914,1
2434,1
72447,1
96952,1
1249,1
45655,1
175396,1
193753,1
140502,1
186888,1
197882,1
79776,1
180634,1
131457,1
200945,1
108274,1
172921,1
36944,1
14862,1
12072,1
190644,1
100368,1
127310,1
152145,1
156075,1
15423,1
189681,1
67976,1
146325,1
81185,1
203169,1
103146,1
188208,1
84961,1
34572,1
62708,1
35997,1
12229,1
55126,1
154427,1
38701,1
9188,1
151915,1
82925,1
124233,1
138490,1
109484,1
145325,1
142153,1
118271,1
139956,1
141457,1
25196,1
154381,1
178848,1
88493,1
30411,1
44109,1
51913,1
154805,1
126463,1
16854,1
200557,1
41725,1
173005,1
69682,1
11062,1
154102,1
186628,1
85716,1
184406,1
110782,1
188114,1
107257,1
114118,1
87434,1
118897,1
62390,1
153736,1
53267,1
72037,1
204885,1
166045,1
145654,1
107128,1
94388,1
24816,1
174845,1
74962,1
48674,1
197873,1
28131,1
59245,1
41758,1
91312,1
68328,1
111289,1
73617,1
89081,1
2239,1
145567,1
135055,1
11317,1
1394,1
59282,1
49944,1
174013,1
119524,1
97306,1
4878,1
180701,1
94599,1
34619,1
165444,1
196599,1
23481,1
33961,1
16188,1
50896,1
39397,1
154112,1
121785,1
204880,1
176528,1
16896,1
173699,1
161345,1
113476,1
181090,1
28922,1
85083,1
104170,1
131259,1
56348,1
123749,1
121469,1
49701,1
30577,1
156203,1
12388,1
43473,1
32195,1
56490,1
4249,1
139292,1
80171,1
205599,1
98262,1
156980,1
168513,1
201964,1
111808,1
159413,1
29848,1
20610,1
7090,1
35306,1
105889,1
104888,1
112564,1
104171,1
116697,1
163341,1
48029,1
119402,1
204167,1
158065,1
71408,1
137371,1
178580,1
162971,1
16757,1
40933,1
204360,1
86436,1
141037,1
64176,1
52059,1
24254,1
122487,1
48988,1
105114,1
22637,1
17301,1
188633,1
148586,1
57764,1
72274,1
30012,1
201496,1
73920,1
94335,1
62273,1
95361,1
164324,1
68892,1
136335,1
130602,1
199344,1
203830,1
114747,1
125734,1
111980,1
22197,1
58876,1
24468,1
198361,1
97499,1
204330,1
102348,1
19629,1
25429,1
198897,1
178345,1
79704,1
12265,1
84697,1
186568,1
134454,1
132536,1
115492,1
61426,1
148970,1
155438,1
173980,1
66849,1
199733,1
23009,1
167650,1
117150,1
196099,1
122880,1
171704,1
126651,1
147450,1
131470,1
171195,1
157035,1
180124,1
80515,1
186075,1
4010,1
201900,1
65865,1
14918,1
70210,1
24070,1
172895,1
121201,1
91026,1
23959,1
50699,1
14299,1
11384,1
26902,1
169550,1
66114,1
81580,1
36163,1
147734,1
78618,1
21498,1
54978,1
148877,1
15006,1
147261,1
94239,1
175437,1
149287,1
191019,1
74532,1
115467,1
142480,1
102470,1
35734,1
134636,1
19806,1
61288,1
74877,1
98816,1
83022,1
167740,1
63411,1
129991,1
17173,1
140977,1
69733,1
158828,1
152192,1
200289,1
172390,1
56160,1
5359,1
5640,1
24342,1
136714,1
122597,1
61897,1
78949,1
204654,1
105300,1
165366,1
130876,1
187035,1
22645,1
192211,1
138073,1
204817,1
147058,1
115390,1
166829,1
189388,1
187976,1
188018,1
31465,1
78859,1
155924,1
25413,1
194913,1
33737,1
85817,1
66095,1
100133,1
52731,1
88504,1
32182,1
184673,1
163971,1
111882,1
111742,1
102262,1
145080,1
59315,1
57645,1
2713,1
46489,1
134137,1
149951,1
91720,1
184771,1
159038,1
37937,1
34184,1
48107,1
38663,1
126828,1
187208,1
120981,1
113111,1
181590,1
39674,1
113246,1
22501,1
39149,1
161495,1
185745,1
90605,1
115215,1
55652,1
88176,1
193971,1
2783,1
202468,1
132797,1
113618,1
95148,1
59592,1
147487,1
105867,1
144992,1
40731,1
54179,1
164243,1
94997,1
15790,1
79140,1
134075,1
159903,1
88177,1
168796,1
26511,1
147034,1
142487,1
192597,1
30383,1
93781,1
140058,1
187294,1
56132,1
46605,1
167424,1
13682,1
54057,1
139720,1
195934,1
161922,1
108177,1
84959,1
60565,1
98612,1
204128,1
177548,1
54850,1
184919,1
103960,1
140417,1
87501,1
90761,1
47622,1
91951,1
59273,1
28662,1
166871,1
101844,1
121964,1
201751,1
185731,1
37557,1
12231,1
84778,1
103171,1
94657,1
117217,1
31769,1
196860,1
146234,1
134338,1
77686,1
133647,1
90413,1
30660,1
175742,1
105134,1
184342,1
98049,1
154720,1
35887,1
38910,1
34829,1
1963,1
74870,1
121525,1
170221,1
111213,1
9747,1
7015,1
90066,1
148332,1
136106,1
117327,1
116553,1
178896,1
133395,1
201100,1
45912,1
137935,1
140125,1
111304,1
73931,1
198672,1
199875,1
23115,1
97940,1
75749,1
70310,1
167120,1
180820,1
69442,1
124012,1
84402,1
166038,1
183337,1
203695,1
148401,1
12519,1
169682,1
124376,1
141272,1
106650,1
92309,1
188779,1
102384,1
99992,1
23269,1
24175,1
84800,1
83199,1
38740,1
62673,1
3145,1
25907,1
2316,1
146041,1
204598,1
155210,1
92920,1
133342,1
138367,1
191864,1
54538,1
144757,1
160791,1
54605,1
153010,1
199648,1
147407,1
183461,1
173433,1
25971,1
45913,1
181938,1
9775,1
124982,1
42146,1
191950,1
204286,1
115292,1
30495,1
39311,1
163256,1
86295,1
116211,1
15908,1
196704,1
95859,1
60256,1
34435,1
134906,1
130653,1
203034,1
105362,1
44175,1
14911,1
165554,1
130036,1
86740,1
104805,1
25770,1
169991,1
130771,1
57910,1
98163,1
26680,1
75247,1
60177,1
91122,1
181668,1
155432,1
39774,1
19137,1
169418,1
107419,1
63929,1
199549,1
135551,1
43226,1
60189,1
135158,1
95088,1
68812,1
63125,1
94789,1
26807,1
16415,1
23743,1
4614,1
161623,1
202687,1
131431,1
34051,1
40319,1
86266,1
126152,1
80342,1
123180,1
135262,1
27201,1
95353,1
49071,1
156467,1
10392,1
172640,1
144809,1
91392,1
164589,1
129320,1
184398,1
24161,1
25835,1
177326,1
102631,1
203650,1
65591,1
166115,1
185919,1
203245,1
70660,1
134673,1
48180,1
38558,1
33244,1
180630,1
48985,1
195800,1
205534,1
6252,1
174804,1
72425,1
44984,1
202812,1
114233,1
67599,1
9892,1
149884,1
564,1
91482,1
21607,1
204667,1
176916,1
18279,1
129224,1
114724,1
70390,1
42413,1
28142,1
144845,1
129000,1
82603,1
117567,1
126028,1
130454,1
43248,1
74284,1
83774,1
51981,1
97743,1
96598,1
117139,1
189466,1
139383,1
28190,1
98669,1
102155,1
181122,1
164026,1
15950,1
204028,1
16975,1
44382,1
199857,1
149183,1
176879,1
117562,1
192805,1
146121,1
59963,1
33859,1
156020,1
124215,1
6667,1
108591,1
177567,1
194535,1
181983,1
48707,1
169849,1
168495,1
186815,1
81888,1
23995,1
26827,1
86141,1
140106,1
19820,1
94313,1
183448,1
48226,1
95658,1
11784,1
87931,1
38923,1
144578,1
148223,1
205521,1
172649,1
102477,1
19682,1
1413,1
16755,1
142967,1
90768,1
87804,1
75641,1
111952,1
194302,1
169836,1
95761,1
155583,1
94569,1
65691,1
55635,1
76468,1
66535,1
41088,1
125129,1
181860,1
104514,1
66980,1
99594,1
13776,1
9528,1
15659,1
37356,1
143931,1
110320,1
199388,1
54635,1
154029,1
95073,1
135296,1
189502,1
65725,1
114655,1
164438,1
136992,1
111221,1
15872,1
9074,1
75104,1
128432,1
104784,1
64813,1
155772,1
112427,1
111161,1
194857,1
204503,1
117176,1
175670,1
151210,1
133416,1
56923,1
139101,1
2136,1
27133,1
193697,1
9441,1
1111,1
20308,1
28269,1
190865,1
192458,1
73031,1
51032,1
166402,1
40564,1
28050,1
34797,1
112493,1
25927,1
1753,1
175807,1
89290,1
149634,1
88320,1
139472,1
99135,1
32801,1
5002,1
131630,1
40754,1
152098,1
113395,1
152099,1
2086,1
188692,1
88931,1
84135,1
52612,1
171073,1
121389,1
115087,1
88038,1
185712,1
127722,1
138667,1
46269,1
44325,1
199554,1
152535,1
190272,1
43581,1
91466,1
22785,1
95090,1
163173,1
97199,1
194015,1
123193,1
37290,1
30453,1
174712,1
45337,1
13942,1
74125,1
141460,1
1198,1
160985,1
74160,1
95659,1
178306,1
160115,1
170143,1
108087,1
71882,1
93377,1
123830,1
158063,1
138934,1
120570,1
117632,1
202725,1
93567,1
159452,1
200273,1
28927,1
178023,1
47336,1
44944,1
28594,1
198299,1
141505,1
28836,1
1758,1
77537,1
23392,1
18216,1
39004,1
197961,1
102361,1
107095,1
107208,1
75502,1
22980,1
172757,1
86240,1
109870,1
154607,1
55396,1
36466,1
98202,1
110881,1
142964,1
43890,1
55135,1
113704,1
168217,1
72550,1
159261,1
192573,1
188066,1
125660,1
45005,1
103970,1
86615,1
119,1
48143,1
102579,1
185911,1
70402,1
148316,1
37885,1
120864,1
49126,1
61611,1
111401,1
177723,1
76062,1
171937,1
165337,1
165556,1
17044,1
107319,1
157838,1
199171,1
15138,1
160916,1
75661,1
90644,1
159833,1
99396,1
121853,1
23362,1
132769,1
133069,1
19226,1
18627,1
51800,1
147457,1
80783,1
175777,1
7331,1
40216,1
180604,1
204066,1
180679,1
12693,1
97559,1
94092,1
49850,1
70751,1
199105,1
38342,1
121710,1
69766,1
142523,1
47918,1
191590,1
167719,1
119908,1
38281,1
43490,1
76066,1
15144,1
7073,1
17304,1
137220,1
189042,1
180056,1
180780,1
141474,1
78534,1
205747,1
73635,1
8733,1
152830,1
197649,1
137802,1
77100,1
115827,1
40385,1
73979,1
44253,1
58194,1
179476,1
59899,1
63412,1
149252,1
98795,1
124570,1
75517,1
95776,1
5179,1
82054,1
195042,1
39310,1
110067,1
203540,1
74980,1
95211,1
187097,1
85466,1
4588,1
85046,1
118113,1
15468,1
97985,1
16557,1
101203,1
190224,1
77670,1
41253,1
87109,1
149429,1
48613,1
177859,1
78511,1
168450,1
18492,1
21795,1
90212,1
58136,1
152783,1
123471,1
54883,1
911,1
178935,1
79825,1
54515,1
65263,1
116776,1
125224,1
30438,1
197906,1
6214,1
7514,1
105080,1
92842,1
3903,1
23715,1
204414,1
5963,1
184657,1
201012,1
126407,1
52864,1
148002,1
6513,1
25140,1
64709,1
16172,1
169180,1
70626,1
193005,1
88563,1
3548,1
32153,1
14026,1
184219,1
153881,1
194139,1
54539,1
61660,1
121887,1
62973,1
204327,1
92985,1
96654,1
68893,1
70878,1
55573,1
170314,1
95053,1
192377,1
97584,1
113173,1
26335,1
174469,1
2979,1
137703,1
183543,1
163835,1
48839,1
16993,1
148705,1
152913,1
186173,1
171362,1
202933,1
13608,1
183750,1
74595,1
88300,1
69014,1
88660,1
200766,1
177489,1
181683,1
111717,1
32175,1
19749,1
174704,1
182994,1
10579,1
9750,1
164563,1
142632,1
48902,1
33729,1
37641,1
29801,1
22672,1
124980,1
7298,1
60400,1
178326,1
199158,1
28332,1
55016,1
54979,1
119320,1
96573,1
80419,1
86725,1
62397,1
20905,1
186955,1
133598,1
184728,1
53753,1
162653,1
72354,1
101835,1
129295,1
54766,1
45796,1
72772,1
140342,1
37760,1
32282,1
181407,1
28800,1
109126,1
161945,1
123603,1
35513,1
152922,1
185771,1
176131,1
42671,1
127138,1
26038,1
108059,1
120009,1
28647,1
138471,1
167554,1
163724,1
75187,1
48074,1
16502,1
4398,1
202467,1
5358,1
86491,1
101048,1
16283,1
198340,1
196831,1
153443,1
197339,1
45331,1
113523,1
2464,1
8434,1
172850,1
148655,1
184016,1
110594,1
35509,1
82338,1
159606,1
56844,1
16195,1
7530,1
134440,1
66870,1
169,1
169884,1
193514,1
89517,1
38255,1
141695,1
149423,1
196779,1
79469,1
93297,1
116596,1
173704,1
7084,1
85296,1
49296,1
187877,1
94629,1
90102,1
14301,1
72820,1
96538,1
84649,1
114184,1
180872,1
195786,1
116069,1
204434,1
94073,1
107697,1
133370,1
149278,1
188465,1
168708,1
137683,1
32757,1
197773,1
121295,1
130605,1
171620,1
10054,1
184031,1
155047,1
150226,1
85813,1
102021,1
193138,1
11307,1
204310,1
191017,1
60969,1
90436,1
65984,1
172021,1
44468,1
55284,1
149595,1
55131,1
170640,1
135768,1
204737,1
109290,1
151916,1
202428,1
114528,1
186132,1
126922,1
150512,1
111523,1
164664,1
125057,1
120098,1
106529,1
117408,1
171183,1
134406,1
104607,1
184834,1
155781,1
47254,1
204153,1
90592,1
192486,1
110576,1
108295,1
202757,1
166557,1
160489,1
52209,1
151804,1
55456,1
111787,1
167832,1
32910,1
165113,1
33903,1
48426,1
178600,1
39713,1
93782,1
129275,1
131169,1
203593,1
120596,1
179495,1
202662,1
85578,1
71873,1
157472,1
180305,1
55349,1
206152,1
157172,1
159838,1
7790,1
49339,1
122639,1
94395,1
9437,1
96291,1
12444,1
148428,1
20697,1
31329,1
195077,1
171985,1
103801,1
200899,1
25116,1
77285,1
104963,1
25664,1
128243,1
166868,1
69765,1
193332,1
108766,1
121440,1
29785,1
92886,1
157355,1
49859,1
114244,1
106400,1
157727,1
171332,1
56792,1
147839,1
29355,1
11527,1
51292,1
148687,1
22440,1
191115,1
122613,1
3966,1
185262,1
203556,1
170971,1
164825,1
62438,1
170447,1
84692,1
91391,1
135122,1
136796,1
134145,1
50019,1
29253,1
131383,1
2147,1
69238,1
95620,1
101601,1
49199,1
41319,1
132992,1
150947,1
66600,1
48521,1
188820,1
16201,1
205319,1
113167,1
167763,1
203883,1
102165,1
192492,1
69017,1
71463,1
121971,1
41290,1
87285,1
39922,1
4133,1
202464,1
47329,1
24722,1
39019,1
69470,1
195751,1
102182,1
126678,1
163844,1
184188,1
59115,1
101556,1
169276,1
53841,1
181535,1
65312,1
17247,1
113526,1
71945,1
41212,1
193914,1
9398,1
179102,1
41227,1
148846,1
15443,1
46985,1
122293,1
190092,1
86722,1
196996,1
20698,1
91304,1
174288,1
59221,1
100427,1
6202,1
121441,1
98368,1
194919,1
70158,1
13337,1
38492,1
75808,1
203173,1
111681,1
156180,1
15456,1
178860,1
201244,1
22254,1
190516,1
162998,1
18422,1
134547,1
36541,1
155934,1
65609,1
100811,1
28500,1
75385,1
19045,1
119387,1
39610,1
201335,1
99749,1
162727,1
144627,1
118949,1
69293,1
191092,1
96192,1
74955,1
69800,1
140856,1
92217,1
140390,1
79449,1
125915,1
45280,1
58850,1
194023,1
105500,1
3557,1
111527,1
164263,1
158193,1
144842,1
109269,1
65021,1
19779,1
167425,1
175624,1
104591,1
179753,1
201898,1
122956,1
101946,1
41211,1
151482,1
40342,1
60107,1
31796,1
102804,1
57449,1
134622,1
117656,1
46494,1
72668,1
188768,1
163116,1
90484,1
19210,1
189281,1
39395,1
17681,1
58721,1
44282,1
150730,1
59216,1
188275,1
151838,1
168048,1
43991,1
184561,1
4584,1
179693,1
116065,1
67882,1
196153,1
803,1
167917,1
110298,1
22929,1
181735,1
190466,1
202721,1
183679,1
122196,1
32443,1
63629,1
74945,1
187618,1
152285,1
91210,1
154184,1
20260,1
43638,1
170601,1
180330,1
97003,1
169018,1
69316,1
35151,1
61642,1
130079,1
19660,1
147758,1
2852,1
187678,1
69352,1
56445,1
17479,1
129158,1
132900,1
2955,1
84093,1
15496,1
148865,1
114535,1
107648,1
155573,1
201623,1
166370,1
21844,1
21254,1
195972,1
203670,1
44810,1
53759,1
173309,1
188682,1
147566,1
161810,1
19073,1
5611,1
84727,1
39617,1
62822,1
111728,1
93255,1
99572,1
134738,1
98627,1
174907,1
124405,1
199924,1
32898,1
92752,1
127805,1
106803,1
148868,1
112351,1
23815,1
21212,1
87193,1
83216,1
59404,1
184078,1
92263,1
31212,1
3864,1
65234,1
17334,1
49514,1
198005,1
138821,1
72194,1
69617,1
78118,1
187462,1
124064,1
37812,1
168024,1
52004,1
148480,1
144948,1
177930,1
189327,1
108392,1
29891,1
13203,1
45274,1
127167,1
201058,1
85502,1
110744,1
171042,1
29622,1
164335,1
67281,1
178551,1
154382,1
202494,1
22007,1
85841,1
95182,1
188665,1
117980,1
181427,1
114285,1
71895,1
109397,1
33105,1
65533,1
201201,1
183635,1
59122,1
94766,1
159408,1
9197,1
93688,1
135753,1
156166,1
160294,1
1913,1
72414,1
18073,1
36569,1
164767,1
98958,1
38213,1
34532,1
9295,1
133351,1
98107,1
10610,1
198847,1
100624,1
160503,1
179993,1
60840,1
134964,1
151891,1
53328,1
106171,1
12411,1
204328,1
7476,1
82084,1
145401,1
68815,1
38746,1
195553,1
57302,1
59713,1
178265,1
96587,1
121695,1
55887,1
55493,1
138284,1
65347,1
159925,1
42090,1
110440,1
124261,1
96104,1
141211,1
170915,1
16082,1
75557,1
134761,1
121379,1
11421,1
102415,1
34544,1
145465,1
37517,1
121094,1
60978,1
52552,1
145670,1
127921,1
158912,1
146083,1
205646,1
40063,1
24989,1
58610,1
179580,1
177297,1
31963,1
117313,1
104779,1
145653,1
46073,1
197950,1
92943,1
48810,1
44433,1
66466,1
141745,1
193664,1
140472,1
144993,1
22882,1
67635,1
183550,1
205753,1
134444,1
116281,1
146689,1
158406,1
62044,1
119906,1
104631,1
189926,1
181903,1
119264,1
68644,1
60509,1
109404,1
31934,1
134228,1
126824,1
172331,1
82950,1
193522,1
125467,1
115717,1
76474,1
4418,1
180395,1
22376,1
118418,1
94177,1
121750,1
2344,1
199060,1
63356,1
15827,1
30278,1
100221,1
32523,1
17643,1
161250,1
61635,1
89791,1
168787,1
174564,1
65905,1
42941,1
14978,1
90314,1
158810,1
88727,1
69910,1
22801,1
115815,1
161191,1
40164,1
179246,1
187863,1
193125,1
44290,1
21401,1
80254,1
69936,1
162597,1
159187,1
152109,1
140461,1
180209,1
39512,1
199931,1
11418,1
175525,1
143681,1
196027,1
83924,1
6440,1
130574,1
86812,1
38487,1
60391,1
100942,1
110356,1
69325,1
42411,1
165183,1
84745,1
195995,1
46107,1
40167,1
190429,1
30194,1
12810,1
129507,1
149710,1
141756,1
136688,1
153785,1
3475,1
35680,1
99686,1
75623,1
137650,1
35070,1
176830,1
141528,1
164523,1
191589,1
99934,1
98594,1
139813,1
41006,1
135685,1
123397,1
108242,1
199411,1
155200,1
98022,1
122371,1
89818,1
154038,1
38454,1
19400,1
38026,1
137594,1
191765,1
15170,1
29686,1
2193,1
100321,1
1453,1
164196,1
191080,1
118190,1
111813,1
77562,1
144524,1
128728,1
101578,1
144720,1
48583,1
142172,1
95872,1
9015,1
128105,1
38282,1
111807,1
180380,1
12739,1
169015,1
61474,1
107305,1
107254,1
58647,1
168886,1
66713,1
58119,1
149383,1
197978,1
21495,1
101665,1
175574,1
180892,1
86293,1
36791,1
134202,1
187628,1
73182,1
119522,1
72901,1
155868,1
17239,1
2220,1
42176,1
106498,1
147316,1
54138,1
84984,1
8145,1
172906,1
60630,1
94018,1
174848,1
204384,1
186570,1
155761,1
51727,1
47203,1
95811,1
116356,1
110097,1
50923,1
167473,1
166503,1
155288,1
64991,1
43721,1
164013,1
32130,1
157023,1
77468,1
178779,1
183266,1
80144,1
162055,1
146870,1
191247,1
166136,1
145041,1
100115,1
184467,1
23948,1
137214,1
195317,1
46729,1
202786,1
151909,1
26734,1
64963,1
114050,1
16008,1
55551,1
175235,1
199878,1
123354,1
206053,1
67388,1
18259,1
191657,1
90839,1
27619,1
52860,1
190350,1
98154,1
148242,1
49352,1
182842,1
183762,1
36939,1
198308,1
116283,1
9912,1
168770,1
46365,1
74392,1
33527,1
172335,1
99015,1
52268,1
176984,1
182921,1
179162,1
19234,1
199637,1
29908,1
158210,1
66285,1
178819,1
85872,1
72442,1
10850,1
139923,1
68567,1
68125,1
18210,1
135560,1
133401,1
5101,1
154612,1
168377,1
21746,1
29983,1
199394,1
125985,1
115450,1
30233,1
81978,1
174820,1
14006,1
18179,1
59040,1
197192,1
170193,1
110836,1
4893,1
120051,1
80467,1
185082,1
27257,1
165172,1
72473,1
184977,1
33844,1
196713,1
27074,1
126892,1
185308,1
38660,1
75677,1
161046,1
9748,1
86007,1
145356,1
184718,1
70022,1
86982,1
20469,1
88454,1
5901,1
42436,1
86397,1
173687,1
43814,1
177231,1
126974,1
187994,1
96377,1
17920,1
46222,1
111324,1
11436,1
122695,1
38292,1
84996,1
186543,1
177666,1
192487,1
199613,1
94580,1
37226,1
4247,1
136348,1
179663,1
159212,1
144174,1
57511,1
114245,1
153537,1
97223,1
160142,1
25176,1
192726,1
203603,1
199157,1
138730,1
18506,1
35379,1
176958,1
960,1
147670,1
43627,1
80414,1
52925,1
164760,1
193446,1
164709,1
62527,1
154891,1
118067,1
54343,1
15064,1
134583,1
139829,1
51696,1
102032,1
127417,1
176914,1
22253,1
102663,1
182998,1
52730,1
137167,1
73367,1
56317,1
148905,1
128897,1
201958,1
164488,1
73550,1
70118,1
161739,1
171814,1
42102,1
56364,1
151092,1
38081,1
169659,1
57151,1
53817,1
180324,1
190890,1
42812,1
131760,1
195477,1
113303,1
195588,1
74658,1
79245,1
71675,1
128832,1
13209,1
7710,1
98525,1
15039,1
198676,1
6618,1
179166,1
30083,1
55129,1
15548,1
129454,1
173453,1
42506,1
150144,1
3707,1
204764,1
73130,1
72282,1
56084,1
126975,1
58680,1
10450,1
28092,1
151032,1
9404,1
58763,1
186982,1
175375,1
71049,1
116606,1
40828,1
86415,1
77421,1
107857,1
189550,1
104005,1
64553,1
78076,1
27515,1
162618,1
184380,1
104946,1
42112,1
168651,1
113739,1
145581,1
130483,1
181607,1
163106,1
146388,1
146418,1
131048,1
154828,1
192013,1
202629,1
144983,1
178019,1
12856,1
50836,1
106928,1
83358,1
1998,1
91337,1
90657,1
112545,1
203619,1
4194,1
99747,1
92372,1
138769,1
77589,1
94359,1
67431,1
55863,1
62523,1
143187,1
105184,1
92656,1
117328,1
40628,1
36416,1
201021,1
71303,1
199212,1
61741,1
114603,1
175504,1
173058,1
1722,1
189821,1
27510,1
127745,1
35527,1
114416,1
460,1
40433,1
42374,1
7175,1
128418,1
166566,1
21085,1
181255,1
115324,1
27613,1
151703,1
59482,1
128886,1
170155,1
72438,1
159135,1
183022,1
167774,1
151873,1
61446,1
157166,1
161552,1
166228,1
78039,1
57241,1
123465,1
190821,1
21126,1
71003,1
188196,1
61843,1
109315,1
161615,1
41513,1
120914,1
125863,1
141023,1
11728,1
134391,1
170788,1
83503,1
56832,1
134047,1
162874,1
101782,1
65866,1
114280,1
28370,1
174467,1
155280,1
1771,1
75743,1
198318,1
61709,1
65930,1
48667,1
93298,1
51553,1
10528,1
154007,1
138208,1
60917,1
84104,1
12793,1
158444,1
98730,1
108538,1
38586,1
129871,1
173784,1
3351,1
137947,1
123617,1
200650,1
155489,1
44465,1
43682,1
153446,1
177982,1
23945,1
98200,1
3558,1
122922,1
149514,1
62853,1
85424,1
53302,1
69658,1
82041,1
4303,1
133100,1
90699,1
157937,1
79495,1
152962,1
10440,1
86748,1
31790,1
156366,1
57798,1
128004,1
100954,1
185831,1
34503,1
4407,1
54368,1
29252,1
154255,1
171941,1
123329,1
101711,1
124688,1
53995,1
74823,1
77090,1
63879,1
81646,1
67099,1
70823,1
26790,1
180840,1
21026,1
67753,1
135050,1
156264,1
141970,1
25452,1
184622,1
141106,1
180575,1
172214,1
81002,1
190339,1
55377,1
181386,1
70968,1
38770,1
98753,1
38985,1
160138,1
94795,1
203096,1
15665,1
162023,1
113015,1
2069,1
124353,1
182144,1
2135,1
33827,1
165816,1
42693,1
116166,1
179594,1
93678,1
63275,1
88912,1
85352,1
174894,1
33464,1
140860,1
88156,1
110631,1
189642,1
89794,1
190789,1
118044,1
187082,1
38970,1
65046,1
2340,1
159109,1
171636,1
50346,1
177573,1
190021,1
46411,1
6906,1
130123,1
71984,1
83711,1
140690,1
45620,1
149320,1
62590,1
126472,1
190423,1
117675,1
15398,1
191773,1
60140,1
132113,1
76404,1
194846,1
159857,1
188920,1
136257,1
40097,1
165452,1
108560,1
88150,1
126727,1
7887,1
64122,1
120443,1
169191,1
17574,1
194533,1
88322,1
175098,1
69924,1
132973,1
21288,1
3089,1
10984,1
121675,1
135073,1
100936,1
39714,1
64270,1
148517,1
80618,1
155794,1
12196,1
19366,1
34644,1
191867,1
109673,1
28548,1
47024,1
15690,1
194484,1
169652,1
112627,1
50922,1
169228,1
63631,1
179181,1
7110,1
126968,1
124832,1
192052,1
27635,1
179553,1
72864,1
160482,1
15518,1
134413,1
195632,1
121400,1
166985,1
88372,1
61410,1
65828,1
53890,1
17501,1
72639,1
170086,1
81893,1
358,1
183887,1
179854,1
69887,1
177044,1
144318,1
115662,1
146229,1
126313,1
35818,1
80861,1
132157,1
94615,1
63801,1
189367,1
3938,1
32536,1
93616,1
66100,1
86309,1
3414,1
30401,1
86604,1
88317,1
41014,1
122846,1
179904,1
120314,1
109833,1
77567,1
50855,1
112994,1
164479,1
129955,1
56726,1
105751,1
44191,1
65425,1
190755,1
188068,1
30323,1
66178,1
37191,1
42900,1
36294,1
183402,1
117770,1
98085,1
106377,1
116418,1
85084,1
140130,1
100833,1
105471,1
84105,1
153974,1
102566,1
116833,1
57522,1
197021,1
167833,1
63105,1
201245,1
30317,1
188065,1
98186,1
1592,1
109508,1
175156,1
32602,1
142555,1
29109,1
186775,1
8091,1
43171,1
132590,1
170546,1
24799,1
166817,1
124914,1
142100,1
112867,1
93455,1
70041,1
50399,1
190123,1
193609,1
141059,1
175010,1
88123,1
205575,1
159809,1
90306,1
149396,1
167074,1
30270,1
195791,1
83442,1
200663,1
145986,1
119668,1
129883,1
67323,1
191514,1
33705,1
94209,1
136271,1
171299,1
148836,1
12978,1
163188,1
23768,1
67563,1
131015,1
75064,1
55984,1
124045,1
75656,1
145102,1
67400,1
174926,1
172985,1
198822,1
44758,1
156802,1
51295,1
15153,1
21938,1
196460,1
189458,1
154297,1
132128,1
149182,1
134979,1
2952,1
31948,1
52853,1
179908,1
100499,1
67504,1
32842,1
157951,1
115956,1
77791,1
178645,1
14540,1
100358,1
182352,1
200670,1
34427,1
43578,1
45080,1
100616,1
205670,1
134944,1
120194,1
30700,1
63990,1
136963,1
86692,1
185852,1
139191,1
5834,1
92350,1
117283,1
135138,1
21061,1
93934,1
171751,1
69078,1
190676,1
166122,1
126564,1
138843,1
80862,1
19788,1
48267,1
101026,1
34452,1
112815,1
187662,1
133045,1
145201,1
46259,1
10154,1
26475,1
152771,1
62482,1
5583,1
54973,1
112289,1
39108,1
88042,1
14933,1
12355,1
114740,1
115401,1
175866,1
167599,1
143443,1
91389,1
199973,1
148508,1
139911,1
35215,1
168121,1
194130,1
20915,1
112652,1
65048,1
162566,1
63657,1
166244,1
187179,1
184143,1
124964,1
203948,1
175560,1
179023,1
143566,1
147668,1
90913,1
55586,1
55354,1
48325,1
141444,1
167951,1
4411,1
117974,1
14392,1
112424,1
175593,1
114415,1
101132,1
109830,1
146767,1
59162,1
42797,1
19535,1
63251,1
30515,1
76985,1
203693,1
91571,1
160727,1
73644,1
164014,1
194027,1
36848,1
35269,1
79887,1
86541,1
146425,1
158982,1
25668,1
179001,1
109611,1
52818,1
42969,1
140377,1
177024,1
198283,1
80339,1
50355,1
161292,1
59420,1
201118,1
100072,1
82143,1
3827,1
123982,1
119880,1
33369,1
111867,1
50720,1
195127,1
87343,1
87508,1
76310,1
43771,1
180496,1
172582,1
119800,1
105823,1
123334,1
59642,1
199673,1
6360,1
185210,1
46604,1
129308,1
167932,1
136617,1
206101,1
66601,1
16913,1
168546,1
8521,1
134247,1
73484,1
61145,1
96888,1
23078,1
13120,1
166586,1
144022,1
5525,1
127682,1
17345,1
203710,1
180912,1
5330,1
138845,1
74020,1
107691,1
91941,1
172100,1
50821,1
43104,1
112857,1
198092,1
124386,1
105146,1
128899,1
55905,1
129801,1
124305,1
66108,1
37459,1
45305,1
177000,1
15234,1
151913,1
194797,1
95261,1
153063,1
133320,1
182580,1
45474,1
18589,1
110188,1
93099,1
31604,1
178858,1
88930,1
168545,1
158383,1
158945,1
83157,1
184456,1
116767,1
189555,1
19412,1
168049,1
165764,1
78218,1
74869,1
71955,1
185190,1
90061,1
66333,1
109617,1
142700,1
147412,1
56570,1
11875,1
190753,1
81217,1
76127,1
151190,1
180257,1
200252,1
112843,1
85706,1
193002,1
144500,1
99733,1
185756,1
137558,1
126166,1
11078,1
157177,1
157138,1
113477,1
178934,1
32408,1
135112,1
134300,1
108581,1
137176,1
157598,1
21134,1
100216,1
199069,1
13600,1
91669,1
181394,1
55838,1
87740,1
54626,1
33927,1
50673,1
57288,1
9792,1
76794,1
44544,1
120867,1
111930,1
37646,1
131123,1
78675,1
44150,1
200482,1
119399,1
48359,1
113081,1
122159,1
27627,1
147222,1
60092,1
155309,1
139353,1
141331,1
123472,1
69663,1
93113,1
204236,1
176438,1
130478,1
78446,1
95185,1
5055,1
113403,1
130546,1
44091,1
116449,1
170010,1
67303,1
61631,1
101322,1
15581,1
204289,1
128425,1
186407,1
131904,1
198417,1
18331,1
192998,1
36519,1
169875,1
105205,1
88064,1
119225,1
50509,1
61772,1
21478,1
18642,1
14958,1
1397,1
111739,1
141858,1
134864,1
188841,1
93839,1
112854,1
86340,1
91395,1
84751,1
95109,1
113308,1
91005,1
135081,1
134272,1
115318,1
104703,1
75076,1
125995,1
88802,1
139547,1
84733,1
145387,1
134816,1
159738,1
162554,1
10938,1
52888,1
11748,1
123772,1
4308,1
28592,1
172931,1
109331,1
99090,1
17128,1
124827,1
141825,1
151860,1
15876,1
159450,1
156271,1
102493,1
180513,1
62572,1
72956,1
55295,1
128616,1
48043,1
52014,1
18602,1
158369,1
148234,1
190844,1
167212,1
68092,1
105041,1
87255,1
55320,1
119963,1
67925,1
113376,1
125498,1
80438,1
5121,1
145755,1
176235,1
120309,1
112345,1
117698,1
168253,1
96418,1
155729,1
32435,1
176708,1
131562,1
85211,1
116122,1
203790,1
21257,1
20379,1
193130,1
8707,1
94696,1
116111,1
126,1
65274,1
70792,1
64103,1
161336,1
153818,1
186164,1
147198,1
111593,1
119902,1
151462,1
69179,1
75789,1
160893,1
97334,1
124615,1
160904,1
121007,1
200504,1
140283,1
164602,1
57049,1
165716,1
163574,1
15616,1
86450,1
88245,1
9513,1
5466,1
28888,1
71380,1
86307,1
23157,1
135640,1
150937,1
151739,1
514,1
33010,1
16045,1
110544,1
114727,1
144499,1
37813,1
21055,1
33350,1
118103,1
44121,1
188666,1
94945,1
36636,1
203185,1
40639,1
124093,1
29903,1
16213,1
126344,1
30451,1
49239,1
7598,1
67734,1
176121,1
30846,1
63132,1
7609,1
152065,1
28700,1
91385,1
91421,1
90800,1
43175,1
122816,1
51621,1
113899,1
83369,1
44772,1
153622,1
85504,1
67292,1
75236,1
44764,1
132637,1
67711,1
77582,1
112280,1
185276,1
67419,1
37164,1
191975,1
179199,1
193794,1
195134,1
72613,1
176795,1
161218,1
130621,1
28170,1
47906,1
23188,1
165461,1
107583,1
97405,1
44280,1
137641,1
158057,1
91891,1
36040,1
160599,1
162272,1
14408,1
141548,1
130271,1
168769,1
80898,1
201106,1
165533,1
165304,1
21075,1
45198,1
177495,1
14599,1
186679,1
170504,1
82057,1
62568,1
134349,1
68727,1
129003,1
120527,1
134051,1
77349,1
179849,1
148652,1
143692,1
104941,1
6189,1
47859,1
173143,1
1862,1
87948,1
62471,1
58819,1
146677,1
171718,1
193944,1
144933,1
196406,1
89529,1
69871,1
92759,1
5109,1
99332,1
80573,1
1220,1
172723,1
193056,1
50619,1
91524,1
173930,1
139316,1
40088,1
8884,1
5411,1
198433,1
24222,1
33685,1
145762,1
197737,1
174854,1
131901,1
201385,1
3183,1
32671,1
21762,1
111841,1
19075,1
185996,1
10374,1
4209,1
116345,1
114736,1
182717,1
181672,1
47237,1
66180,1
180439,1
130273,1
22251,1
137517,1
97245,1
31496,1
134115,1
166664,1
200190,1
54621,1
67727,1
62341,1
24262,1
16138,1
8112,1
181369,1
193502,1
149924,1
169270,1
153127,1
51627,1
127769,1
9034,1
40360,1
158143,1
79110,1
82140,1
62698,1
72375,1
193031,1
74978,1
186640,1
105370,1
79523,1
72177,1
87469,1
195626,1
152455,1
151720,1
109824,1
84022,1
125317,1
45629,1
40321,1
81358,1
49322,1
175755,1
176161,1
94326,1
126254,1
136899,1
130008,1
72989,1
17691,1
105651,1
20686,1
42056,1
59520,1
128117,1
131976,1
79039,1
85331,1
59676,1
55714,1
7277,1
153341,1
410,1
20045,1
153168,1
203259,1
131420,1
3851,1
163680,1
131523,1
97920,1
100061,1
178662,1
12844,1
15709,1
197568,1
198513,1
27096,1
126265,1
36385,1
65287,1
110381,1
73442,1
153769,1
10772,1
14784,1
181167,1
92611,1
139641,1
186311,1
164473,1
164684,1
57325,1
205248,1
205889,1
135183,1
185087,1
80340,1
171790,1
129821,1
119807,1
74802,1
114957,1
153136,1
69150,1
60574,1
143071,1
64388,1
113074,1
44567,1
127016,1
199466,1
158251,1
56763,1
174754,1
92129,1
110312,1
54501,1
159562,1
112286,1
151314,1
68418,1
151850,1
84973,1
28910,1
74673,1
128351,1
90700,1
159318,1
48991,1
196444,1
146510,1
126274,1
134661,1
7825,1
60705,1
28116,1
134797,1
79481,1
95359,1
174238,1
68415,1
123474,1
17919,1
78753,1
153092,1
76465,1
50810,1
149272,1
43142,1
10012,1
46516,1
203912,1
115814,1
26976,1
131924,1
160416,1
55111,1
14337,1
58143,1
199507,1
68103,1
117897,1
137876,1
9050,1
50213,1
62176,1
96741,1
3704,1
87200,1
189377,1
61074,1
119458,1
92572,1
180927,1
166332,1
57853,1
177958,1
47543,1
106416,1
45585,1
62711,1
94379,1
132025,1
182385,1
205822,1
74502,1
68894,1
13723,1
92846,1
150969,1
158979,1
77274,1
145980,1
75188,1
182018,1
15356,1
147091,1
87999,1
172865,1
135202,1
153285,1
44524,1
9800,1
179295,1
34747,1
103219,1
13841,1
158615,1
177566,1
38605,1
12524,1
181647,1
46755,1
88925,1
68428,1
107184,1
154352,1
34063,1
87903,1
15540,1
129328,1
84662,1
148794,1
10004,1
63409,1
190219,1
185904,1
17384,1
118079,1
132414,1
82026,1
190554,1
184897,1
172148,1
17060,1
72285,1
142250,1
161639,1
40262,1
96196,1
162677,1
142043,1
61606,1
127409,1
59326,1
32622,1
67713,1
44941,1
70107,1
127683,1
28064,1
181247,1
129604,1
78773,1
155519,1
104262,1
143726,1
32326,1
106682,1
194026,1
16070,1
123484,1
73845,1
49586,1
91471,1
64315,1
148092,1
58206,1
52655,1
44728,1
125857,1
43388,1
146762,1
21915,1
157027,1
96883,1
135184,1
35047,1
205096,1
7758,1
73560,1
29759,1
5156,1
192348,1
21395,1
63724,1
200088,1
82318,1
171791,1
162035,1
11967,1
2656,1
23886,1
131453,1
103410,1
114192,1
36207,1
152897,1
51407,1
61670,1
200399,1
95180,1
168222,1
139549,1
68960,1
161101,1
204062,1
103044,1
140749,1
158157,1
29755,1
117238,1
28532,1
151258,1
121763,1
45711,1
170685,1
133931,1
100424,1
179510,1
65188,1
30125,1
91108,1
205885,1
193972,1
23814,1
164796,1
106599,1
122205,1
10929,1
82959,1
54145,1
161110,1
180957,1
12629,1
26605,1
57669,1
90754,1
191785,1
146871,1
21958,1
13054,1
104642,1
72672,1
72363,1
11607,1
49388,1
32678,1
50064,1
169371,1
79528,1
150187,1
125528,1
146951,1
117924,1
55820,1
143234,1
69248,1
147757,1
120815,1
33100,1
35827,1
6389,1
15211,1
18416,1
180339,1
107679,1
151622,1
12737,1
41507,1
133365,1
184146,1
14068,1
3041,1
41896,1
188343,1
125230,1
145774,1
25159,1
24078,1
51639,1
187379,1
58431,1
178251,1
97853,1
203342,1
147795,1
28824,1
3050,1
161342,1
103927,1
158340,1
104287,1
42700,1
105116,1
97036,1
51060,1
89406,1
61649,1
40500,1
146749,1
201412,1
113431,1
53530,1
141185,1
7403,1
78526,1
53515,1
181618,1
81401,1
11057,1
167690,1
90130,1
10589,1
102183,1
129120,1
184867,1
148651,1
63245,1
192021,1
29305,1
96206,1
47831,1
177094,1
146416,1
113409,1
41060,1
127637,1
20393,1
183232,1
7676,1
22171,1
141220,1
15324,1
161760,1
144674,1
144131,1
188446,1
131484,1
189197,1
23640,1
929,1
72741,1
106301,1
133050,1
14437,1
5736,1
190274,1
138850,1
48301,1
7027,1
178377,1
99818,1
105805,1
67782,1
37943,1
84927,1
34528,1
15077,1
103485,1
141276,1
57880,1
142339,1
55953,1
15810,1
120609,1
32173,1
64083,1
45616,1
161636,1
205118,1
154896,1
129495,1
14755,1
46596,1
32186,1
158594,1
66297,1
60496,1
98303,1
128030,1
137880,1
12839,1
30154,1
100577,1
55558,1
107806,1
64500,1
161413,1
195684,1
136638,1
74171,1
176037,1
179667,1
54237,1
114777,1
161634,1
24778,1
82531,1
28939,1
103298,1
17781,1
72035,1
99530,1
25874,1
88920,1
12538,1
160915,1
194497,1
132443,1
31826,1
65670,1
123536,1
88619,1
202445,1
161021,1
114448,1
48590,1
13534,1
95397,1
36198,1
95919,1
111860,1
48631,1
56553,1
104645,1
113890,1
133378,1
130941,1
196864,1
158969,1
87542,1
204480,1
122443,1
87984,1
94129,1
42213,1
102938,1
42521,1
51741,1
195034,1
36454,1
99138,1
25412,1
24638,1
199002,1
174280,1
124961,1
182042,1
80103,1
45272,1
58001,1
16752,1
28432,1
115451,1
20406,1
96942,1
136003,1
101328,1
6091,1
108942,1
41395,1
6106,1
76102,1
89414,1
3673,1
147327,1
34518,1
100414,1
169346,1
8857,1
189540,1
52495,1
97523,1
20935,1
40832,1
164565,1
65813,1
56641,1
131115,1
127815,1
37774,1
99576,1
122028,1
8447,1
150142,1
166617,1
203089,1
37325,1
158261,1
12549,1
165143,1
15532,1
89029,1
125491,1
189865,1
37956,1
103754,1
26572,1
1101,1
20049,1
113803,1
168727,1
124555,1
101729,1
162273,1
3438,1
15462,1
200845,1
27369,1
91535,1
25303,1
153566,1
176315,1
45047,1
161734,1
29548,1
125629,1
150305,1
34870,1
63811,1
54958,1
95390,1
157953,1
41667,1
49202,1
138660,1
20029,1
167119,1
179625,1
6292,1
76784,1
150990,1
60739,1
180351,1
60554,1
116666,1
108592,1
124391,1
69080,1
187018,1
31735,1
47026,1
172532,1
22946,1
26712,1
63212,1
109193,1
107030,1
975,1
144914,1
197929,1
129852,1
94593,1
35207,1
6097,1
77419,1
3836,1
197179,1
125066,1
37326,1
159990,1
101528,1
173714,1
128892,1
61096,1
44599,1
199543,1
139329,1
206182,1
146403,1
167414,1
79867,1
111260,1
72131,1
2967,1
14362,1
150893,1
164674,1
105352,1
139811,1
175636,1
99366,1
33995,1
38428,1
167468,1
194844,1
118128,1
41814,1
173902,1
99858,1
153589,1
96802,1
2207,1
64732,1
172159,1
147093,1
45836,1
143183,1
166902,1
165007,1
195054,1
109448,1
8906,1
188507,1
119449,1
164022,1
139177,1
37830,1
88817,1
69831,1
87198,1
39867,1
113327,1
153487,1
34019,1
188813,1
96818,1
178686,1
199109,1
125501,1
63545,1
145673,1
155328,1
178569,1
95329,1
38108,1
206132,1
140318,1
179156,1
87225,1
183502,1
10087,1
166747,1
25628,1
161523,1
143869,1
182759,1
156606,1
146671,1
84178,1
91109,1
36515,1
165004,1
68065,1
42409,1
76999,1
139490,1
137438,1
32953,1
94199,1
104575,1
126827,1
42697,1
39295,1
110136,1
161880,1
162233,1
2066,1
99974,1
18529,1
148337,1
184595,1
55716,1
134813,1
52755,1
5229,1
194628,1
8483,1
196567,1
132768,1
96592,1
78191,1
28468,1
79610,1
170115,1
96237,1
180172,1
78289,1
128714,1
17769,1
133759,1
127501,1
93893,1
58407,1
6239,1
60755,1
141956,1
85459,1
76537,1
67190,1
164795,1
44359,1
119932,1
196802,1
68737,1
56194,1
77739,1
34294,1
103199,1
131076,1
70047,1
110818,1
134122,1
136314,1
136452,1
59677,1
200749,1
146476,1
170793,1
105802,1
181518,1
3868,1
103215,1
130640,1
161106,1
36315,1
82336,1
142015,1
113784,1
156006,1
29339,1
66821,1
169467,1
49694,1
134113,1
132029,1
3897,1
29271,1
144799,1
155113,1
87566,1
54240,1
67621,1
128434,1
75135,1
195521,1
33127,1
123666,1
22393,1
110799,1
52374,1
31553,1
138629,1
62526,1
94044,1
162330,1
61118,1
105187,1
15385,1
107747,1
115756,1
143601,1
70405,1
201489,1
195170,1
188806,1
41363,1
157391,1
126847,1
42763,1
69095,1
159680,1
149419,1
5825,1
52946,1
9689,1
36617,1
72185,1
79038,1
187657,1
85895,1
176545,1
198128,1
120073,1
135391,1
64368,1
24450,1
124628,1
97460,1
78434,1
59618,1
55698,1
181763,1
2773,1
15149,1
84880,1
1816,1
122447,1
99461,1
164206,1
37477,1
102625,1
15543,1
108833,1
136384,1
202017,1
33047,1
108395,1
186874,1
68852,1
118071,1
89651,1
197329,1
73330,1
129427,1
145373,1
196631,1
70350,1
111396,1
129717,1
9129,1
109393,1
88334,1
27687,1
151428,1
9028,1
33987,1
131572,1
203415,1
153219,1
100655,1
164129,1
126458,1
178976,1
55563,1
98501,1
154971,1
135123,1
124894,1
146738,1
182486,1
129212,1
151796,1
178035,1
179727,1
134885,1
72573,1
58491,1
137292,1
123523,1
52886,1
13809,1
106758,1
183115,1
35727,1
118925,1
12998,1
202097,1
45141,1
31291,1
6420,1
52513,1
64744,1
116372,1
126588,1
52267,1
108530,1
42376,1
37919,1
167002,1
493,1
53589,1
151591,1
16507,1
134259,1
141163,1
130133,1
87552,1
94208,1
197162,1
145273,1
194489,1
66791,1
87780,1
171674,1
38717,1
64061,1
118023,1
127971,1
90930,1
122814,1
37967,1
163699,1
125560,1
90015,1
151104,1
148380,1
20359,1
71056,1
178195,1
103619,1
101978,1
133576,1
50860,1
152208,1
2942,1
111102,1
2091,1
103032,1
114440,1
185002,1
48102,1
59671,1
109857,1
91456,1
71084,1
85770,1
202995,1
58731,1
106036,1
115426,1
155930,1
147753,1
8033,1
55472,1
145434,1
101740,1
86987,1
109875,1
33616,1
72976,1
177700,1
183866,1
98488,1
53866,1
165190,1
76415,1
161471,1
128457,1
49284,1
23561,1
41221,1
144517,1
1268,1
110957,1
149839,1
117559,1
75475,1
186314,1
54763,1
5551,1
139335,1
193343,1
70383,1
200970,1
169604,1
41666,1
60818,1
90215,1
120707,1
96801,1
100338,1
135176,1
132153,1
112456,1
135068,1
77368,1
142877,1
168370,1
25648,1
65341,1
186288,1
80840,1
106950,1
161999,1
25522,1
40578,1
82734,1
172308,1
186968,1
74753,1
5981,1
179961,1
3294,1
59496,1
162513,1
22661,1
111172,1
7457,1
125935,1
73949,1
9424,1
55599,1
23448,1
101311,1
4183,1
78596,1
164152,1
107455,1
145453,1
12919,1
12975,1
88130,1
67983,1
84708,1
57279,1
48884,1
198145,1
204921,1
48348,1
70139,1
161981,1
42994,1
89740,1
22169,1
14693,1
8727,1
50612,1
51529,1
36024,1
195622,1
66888,1
199515,1
30793,1
612,1
76453,1
84858,1
145329,1
7041,1
38771,1
110117,1
189245,1
103177,1
4297,1
122899,1
49142,1
173342,1
86600,1
38484,1
189298,1
144310,1
68256,1
25054,1
16170,1
121860,1
70517,1
30836,1
102048,1
136223,1
84020,1
42715,1
63209,1
112115,1
126107,1
198602,1
187578,1
50240,1
100677,1
182401,1
145914,1
139450,1
31370,1
147062,1
64535,1
69660,1
9709,1
22078,1
65947,1
92785,1
46630,1
173991,1
147445,1
41772,1
153214,1
98822,1
104990,1
201009,1
69357,1
126136,1
103954,1
178223,1
34646,1
164366,1
41639,1
185261,1
50232,1
138114,1
159919,1
176327,1
31253,1
202528,1
9622,1
61747,1
74921,1
55257,1
32853,1
147248,1
136664,1
127783,1
139371,1
12688,1
102125,1
79350,1
202025,1
15812,1
93329,1
183121,1
159834,1
166575,1
30715,1
48925,1
40666,1
68008,1
2498,1
108997,1
96248,1
27696,1
33187,1
56705,1
16519,1
132751,1
128796,1
88136,1
39038,1
99327,1
100751,1
141588,1
34541,1
17519,1
114662,1
128207,1
58966,1
23521,1
93447,1
52026,1
29949,1
160793,1
52910,1
139631,1
176506,1
18819,1
71601,1
6092,1
173826,1
66775,1
87300,1
172101,1
38223,1
110965,1
182029,1
52572,1
128587,1
114248,1
42674,1
78067,1
88312,1
87818,1
12533,1
42121,1
114567,1
138482,1
185014,1
12440,1
140926,1
20994,1
155169,1
128612,1
89047,1
66571,1
109416,1
149787,1
149330,1
161150,1
1951,1
101105,1
104289,1
147949,1
160940,1
109794,1
91086,1
180851,1
839,1
119465,1
28847,1
108293,1
100853,1
178032,1
74782,1
175722,1
152045,1
169448,1
139809,1
51016,1
70354,1
100881,1
73599,1
27436,1
50328,1
50389,1
7144,1
192690,1
93602,1
148358,1
180651,1
16161,1
135899,1
88378,1
152186,1
171639,1
101051,1
98242,1
19707,1
85349,1
133015,1
10195,1
35603,1
126766,1
7448,1
23075,1
59505,1
142472,1
176632,1
194380,1
121823,1
65491,1
127809,1
95618,1
36496,1
72500,1
13038,1
115521,1
104691,1
152264,1
130340,1
58537,1
21310,1
71008,1
130371,1
133277,1
76860,1
159453,1
173408,1
40212,1
200989,1
68494,1
200027,1
190657,1
68826,1
56073,1
15693,1
51489,1
57753,1
45694,1
136437,1
27278,1
130293,1
193666,1
173498,1
30899,1
158172,1
14529,1
24157,1
106257,1
89735,1
158283,1
27978,1
27638,1
106267,1
112437,1
192250,1
48332,1
173245,1
143296,1
57250,1
63854,1
64165,1
22492,1
163604,1
29729,1
87730,1
80379,1
9846,1
57745,1
92694,1
58403,1
16244,1
174484,1
62312,1
13562,1
84120,1
28631,1
131117,1
22802,1
94848,1
67266,1
202362,1
13458,1
135067,1
46050,1
84536,1
164631,1
132699,1
36892,1
184048,1
86814,1
134213,1
23926,1
71220,1
42783,1
66621,1
91629,1
70658,1
103415,1
21765,1
127676,1
12591,1
159505,1
25061,1
53076,1
139073,1
79240,1
189853,1
84185,1
201798,1
130415,1
28262,1
195710,1
113106,1
55865,1
97645,1
178868,1
32633,1
194498,1
140861,1
102700,1
76727,1
55051,1
164352,1
73245,1
197545,1
112455,1
106540,1
6035,1
131265,1
49089,1
26868,1
127461,1
145603,1
2319,1
169723,1
17114,1
29208,1
72907,1
138894,1
171411,1
58221,1
50002,1
110964,1
19893,1
130998,1
135730,1
31557,1
50791,1
205985,1
112004,1
168646,1
98348,1
55947,1
31635,1
119424,1
124757,1
178827,1
61005,1
123746,1
182256,1
62461,1
127606,1
39958,1
149418,1
67707,1
22538,1
118756,1
52195,1
107345,1
87883,1
182633,1
159577,1
195911,1
173418,1
74827,1
128783,1
190718,1
47323,1
197071,1
97432,1
141132,1
202869,1
113384,1
120923,1
36889,1
113185,1
165878,1
62727,1
27124,1
108704,1
75289,1
172764,1
2884,1
72726,1
3396,1
34506,1
116515,1
145837,1
79608,1
49610,1
143375,1
185924,1
139662,1
31139,1
59630,1
114768,1
12823,1
177036,1
78729,1
198632,1
4227,1
194843,1
50409,1
187594,1
38275,1
49679,1
47840,1
89563,1
29206,1
171606,1
168165,1
104557,1
16662,1
69756,1
172856,1
81790,1
142775,1
76334,1
201267,1
90185,1
27609,1
141737,1
128104,1
122169,1
29233,1
30927,1
89717,1
123594,1
81398,1
126702,1
76989,1
64426,1
180915,1
190496,1
114298,1
186045,1
160745,1
73540,1
156231,1
137827,1
186467,1
202088,1
76460,1
2415,1
84355,1
34185,1
158114,1
2511,1
122742,1
77355,1
116826,1
181887,1
60866,1
29045,1
142848,1
34002,1
159102,1
121294,1
204909,1
48761,1
35376,1
9114,1
35521,1
116545,1
131494,1
132388,1
72686,1
150805,1
105462,1
35756,1
153731,1
148782,1
144944,1
110193,1
151466,1
167288,1
147351,1
134556,1
203623,1
205279,1
28649,1
7069,1
196813,1
48901,1
78957,1
127843,1
28325,1
89200,1
122167,1
105305,1
74145,1
183192,1
143013,1
132971,1
125795,1
85750,1
27865,1
172510,1
45135,1
93572,1
62300,1
155699,1
161829,1
102829,1
73455,1
38776,1
186191,1
22281,1
54327,1
94337,1
192494,1
206054,1
153852,1
101548,1
152911,1
743,1
57091,1
152831,1
21554,1
132891,1
4005,1
200096,1
1284,1
1543,1
76117,1
190561,1
25804,1
5948,1
20457,1
181297,1
72307,1
98298,1
47060,1
51791,1
66013,1
173972,1
5355,1
69490,1
186170,1
94620,1
242,1
153784,1
41098,1
21179,1
193057,1
27042,1
104620,1
14593,1
146007,1
37906,1
82812,1
171358,1
17996,1
66343,1
63136,1
202867,1
36936,1
108911,1
148450,1
131163,1
6550,1
163762,1
150798,1
111278,1
101510,1
181678,1
173814,1
110892,1
194317,1
2140,1
38865,1
110465,1
196293,1
144586,1
13213,1
75815,1
42794,1
180259,1
29779,1
136565,1
175833,1
55370,1
94144,1
63593,1
116498,1
23419,1
127341,1
72529,1
46030,1
57712,1
58394,1
119339,1
186285,1
53839,1
24835,1
21002,1
190683,1
71911,1
156844,1
93736,1
139871,1
192634,1
146805,1
26100,1
163425,1
3469,1
84467,1
204399,1
111118,1
175117,1
28102,1
4113,1
197902,1
26743,1
38305,1
31093,1
172,1
127134,1
72735,1
139761,1
30903,1
14644,1
111809,1
86457,1
187680,1
123163,1
139874,1
125411,1
58121,1
133056,1
67590,1
146846,1
200393,1
176479,1
52875,1
2038,1
128525,1
89441,1
155804,1
115470,1
170302,1
109722,1
166661,1
104037,1
178537,1
63596,1
51616,1
16640,1
138461,1
49004,1
203552,1
173460,1
153993,1
47161,1
179465,1
71175,1
81611,1
169684,1
47718,1
81253,1
139047,1
116519,1
82415,1
126114,1
204048,1
89481,1
47888,1
3869,1
178134,1
159784,1
94171,1
140110,1
16485,1
66580,1
132410,1
158095,1
141856,1
178649,1
148359,1
125740,1
48960,1
108679,1
127369,1
170404,1
138683,1
196694,1
33354,1
98648,1
43616,1
27348,1
135854,1
19665,1
109584,1
99442,1
148335,1
87527,1
57922,1
190786,1
108408,1
74327,1
142160,1
29338,1
70114,1
104894,1
169161,1
36531,1
179003,1
12127,1
43628,1
106305,1
102268,1
150233,1
43935,1
87913,1
53776,1
5470,1
57135,1
104940,1
119217,1
15134,1
176786,1
101868,1
74905,1
27933,1
129140,1
171227,1
20783,1
164665,1
203385,1
120055,1
94692,1
134629,1
162753,1
182739,1
65569,1
41394,1
60347,1
93295,1
64712,1
99975,1
158136,1
135856,1
190214,1
110024,1
139189,1
195545,1
74644,1
36016,1
149011,1
59891,1
104036,1
33830,1
88473,1
62504,1
189813,1
196498,1
122115,1
24668,1
170022,1
190037,1
117,1
112674,1
57066,1
126700,1
37759,1
132359,1
58306,1
114859,1
162555,1
140428,1
111561,1
179639,1
104536,1
72786,1
68818,1
138569,1
195881,1
22799,1
12979,1
202435,1
55794,1
9481,1
102693,1
58809,1
108055,1
98213,1
95687,1
34443,1
116507,1
107734,1
159932,1
185072,1
145849,1
90329,1
205477,1
179644,1
6340,1
73892,1
144827,1
166476,1
133669,1
138380,1
105186,1
85162,1
201081,1
173430,1
152978,1
116321,1
173152,1
84255,1
29504,1
102144,1
101908,1
41467,1
195085,1
22497,1
68099,1
23583,1
199430,1
34666,1
154091,1
71926,1
5196,1
112660,1
34613,1
21198,1
164604,1
189352,1
200677,1
8252,1
105348,1
63953,1
42067,1
100217,1
111441,1
100190,1
4031,1
101034,1
59009,1
46548,1
150368,1
147910,1
185285,1
44718,1
39057,1
34268,1
201951,1
67291,1
154464,1
79862,1
163655,1
86451,1
7594,1
188713,1
139286,1
187616,1
20031,1
199004,1
161209,1
50499,1
182943,1
189721,1
26936,1
6738,1
26918,1
162261,1
67848,1
152760,1
65427,1
42356,1
170886,1
120210,1
191398,1
82770,1
35955,1
74755,1
195540,1
67960,1
194229,1
142762,1
156310,1
44573,1
55401,1
42394,1
64560,1
175543,1
163219,1
119452,1
205784,1
120517,1
71596,1
10045,1
6826,1
162197,1
147366,1
165804,1
154488,1
92538,1
192542,1
161678,1
183654,1
143484,1
186405,1
100937,1
150057,1
40682,1
170679,1
76228,1
57702,1
173709,1
194370,1
116463,1
9738,1
112710,1
162113,1
100909,1
102787,1
101713,1
102980,1
179910,1
133023,1
120281,1
184759,1
117683,1
88013,1
60003,1
94238,1
193665,1
89416,1
193585,1
133920,1
152721,1
163557,1
90511,1
11752,1
167042,1
38884,1
124607,1
73006,1
182506,1
72014,1
45124,1
165581,1
55483,1
147880,1
14020,1
201593,1
45048,1
196994,1
75750,1
30823,1
68572,1
137951,1
37166,1
72050,1
190079,1
169506,1
167316,1
101000,1
43778,1
34241,1
46177,1
181262,1
150543,1
186509,1
22279,1
21526,1
166697,1
173785,1
164319,1
156797,1
74867,1
122744,1
34849,1
195660,1
53319,1
168777,1
46757,1
196763,1
75798,1
111876,1
136718,1
39428,1
181415,1
1137,1
33692,1
81814,1
49319,1
108720,1
166689,1
201063,1
10709,1
178897,1
141149,1
134824,1
95178,1
57156,1
2128,1
117239,1
115760,1
83207,1
48551,1
69569,1
185626,1
159754,1
37694,1
147531,1
180954,1
146383,1
181510,1
181216,1
159314,1
93597,1
147527,1
77061,1
105374,1
124786,1
179874,1
144028,1
153188,1
107966,1
55436,1
35661,1
186942,1
46427,1
203965,1
12532,1
108818,1
15461,1
129340,1
15974,1
35956,1
139555,1
135482,1
60193,1
63527,1
117636,1
57401,1
170272,1
36361,1
4387,1
77457,1
56631,1
194544,1
151984,1
199101,1
101459,1
5638,1
164327,1
52254,1
147641,1
203367,1
55392,1
192434,1
58500,1
74318,1
64528,1
39190,1
154295,1
44328,1
45400,1
44420,1
97266,1
205916,1
117697,1
184199,1
2692,1
183883,1
37504,1
54610,1
152832,1
99306,1
94134,1
194038,1
135579,1
184505,1
192680,1
147536,1
114345,1
182572,1
40696,1
193696,1
43872,1
129923,1
192661,1
59947,1
163550,1
108040,1
137061,1
119542,1
154233,1
76877,1
64728,1
38382,1
43547,1
118334,1
163014,1
69892,1
96257,1
204846,1
26620,1
112474,1
117864,1
198494,1
156394,1
148892,1
123527,1
147980,1
11577,1
8636,1
66442,1
10525,1
125081,1
135943,1
69016,1
2305,1
71543,1
193613,1
201308,1
107530,1
17760,1
41340,1
52937,1
66654,1
136002,1
111430,1
11198,1
57061,1
179453,1
29571,1
135635,1
51663,1
186348,1
81121,1
55059,1
148912,1
65705,1
195489,1
94865,1
188266,1
191077,1
148117,1
197748,1
97436,1
37305,1
193484,1
9494,1
181850,1
13379,1
43544,1
19020,1
23228,1
572,1
48115,1
51629,1
128903,1
130075,1
70240,1
29897,1
66564,1
18676,1
147440,1
270,1
74479,1
198210,1
72585,1
83068,1
8745,1
75092,1
163082,1
159947,1
65458,1
98297,1
169907,1
70237,1
169130,1
67614,1
167547,1
22542,1
164562,1
80473,1
89728,1
67932,1
155827,1
122983,1
184441,1
203286,1
44827,1
191437,1
64175,1
161236,1
78267,1
120463,1
159906,1
186607,1
18363,1
147413,1
99772,1
145763,1
126992,1
136323,1
47772,1
100628,1
121897,1
8539,1
8416,1
201042,1
129342,1
126328,1
2604,1
154713,1
103441,1
90488,1
122053,1
105010,1
31410,1
145741,1
2118,1
148855,1
23364,1
133621,1
17518,1
76840,1
186396,1
109859,1
159299,1
205815,1
94911,1
153269,1
128352,1
153787,1
40998,1
44146,1
6293,1
165918,1
172782,1
110037,1
21101,1
151467,1
153645,1
64520,1
62863,1
108460,1
29373,1
33952,1
43371,1
52225,1
109434,1
23049,1
150940,1
150488,1
36301,1
141459,1
121336,1
49598,1
162241,1
117905,1
77985,1
129016,1
46286,1
79569,1
130185,1
186488,1
116468,1
203194,1
101991,1
159871,1
95420,1
41289,1
181409,1
93922,1
182728,1
165505,1
112446,1
68455,1
54907,1
55888,1
118393,1
107352,1
65238,1
20149,1
205106,1
179499,1
147558,1
148730,1
89828,1
107470,1
32168,1
168653,1
159160,1
39916,1
30292,1
25251,1
53550,1
199018,1
83595,1
144446,1
173620,1
192436,1
37482,1
49340,1
139085,1
38686,1
176641,1
3664,1
172069,1
143653,1
143587,1
23911,1
174082,1
63291,1
196858,1
83315,1
179977,1
86913,1
113096,1
87922,1
139849,1
128407,1
82117,1
105977,1
40915,1
41229,1
119806,1
93733,1
67300,1
48867,1
98761,1
202135,1
29033,1
76001,1
140994,1
34003,1
162097,1
183089,1
132297,1
28002,1
180293,1
185184,1
20053,1
143812,1
44344,1
129119,1
99776,1
14374,1
117848,1
62629,1
205687,1
148021,1
66110,1
80497,1
6665,1
140273,1
98075,1
169375,1
159069,1
65979,1
107559,1
119517,1
84509,1
17898,1
117042,1
103227,1
164627,1
200636,1
85275,1
151174,1
57699,1
195388,1
184152,1
43147,1
123244,1
5975,1
200566,1
195437,1
57658,1
21274,1
40483,1
103439,1
28857,1
27145,1
2805,1
170256,1
181209,1
112536,1
96557,1
66120,1
182343,1
203813,1
198107,1
169236,1
201476,1
120836,1
167758,1
113938,1
129391,1
87089,1
130953,1
15552,1
150423,1
92165,1
4638,1
787,1
5173,1
88238,1
35459,1
182024,1
122140,1
133766,1
180800,1
33644,1
2686,1
30973,1
63188,1
30831,1
141915,1
121547,1
43449,1
30188,1
57338,1
41459,1
73110,1
50628,1
167047,1
87655,1
62069,1
165909,1
129587,1
13649,1
197626,1
24942,1
181561,1
72948,1
106541,1
149443,1
103060,1
139610,1
129078,1
60322,1
56308,1
79228,1
54799,1
44961,1
79775,1
132555,1
101451,1
201159,1
117707,1
142872,1
57435,1
152716,1
76443,1
41626,1
158746,1
143790,1
142861,1
9128,1
129762,1
156843,1
203262,1
93042,1
105879,1
168034,1
111771,1
198587,1
17945,1
173010,1
172142,1
160527,1
41502,1
191918,1
5787,1
76320,1
114404,1
80156,1
193145,1
134319,1
23128,1
11701,1
146561,1
31046,1
170898,1
115684,1
164685,1
167242,1
161184,1
128333,1
112316,1
91734,1
180375,1
52745,1
11481,1
2037,1
96141,1
186803,1
19787,1
31235,1
103808,1
160966,1
136005,1
28838,1
191825,1
61114,1
198924,1
102892,1
160022,1
30314,1
151859,1
130288,1
9174,1
28788,1
85858,1
28436,1
156815,1
132838,1
26235,1
181966,1
85105,1
35179,1
120877,1
88968,1
119601,1
133052,1
56450,1
114454,1
61434,1
196313,1
131860,1
27038,1
176685,1
29941,1
175402,1
82411,1
151239,1
65143,1
76125,1
103793,1
20904,1
85048,1
56190,1
142416,1
64599,1
37545,1
95963,1
164758,1
77474,1
69053,1
81566,1
143836,1
2019,1
197462,1
133024,1
111355,1
116346,1
27375,1
72074,1
141066,1
38200,1
456,1
1615,1
76757,1
61225,1
170571,1
190385,1
35948,1
36319,1
12495,1
127618,1
102870,1
47224,1
15382,1
102501,1
140445,1
61480,1
156700,1
137959,1
31348,1
198344,1
89438,1
180689,1
109405,1
102431,1
13391,1
28322,1
127753,1
115040,1
153189,1
25466,1
92080,1
130155,1
164683,1
149447,1
64316,1
125918,1
111262,1
154570,1
33063,1
156637,1
94755,1
203583,1
17129,1
5899,1
45600,1
83169,1
163610,1
159301,1
30963,1
146307,1
3215,1
115795,1
159106,1
126259,1
2386,1
60134,1
135200,1
165464,1
14435,1
158290,1
138785,1
167009,1
147790,1
162181,1
191932,1
5332,1
158014,1
84296,1
67384,1
112015,1
157475,1
179421,1
155537,1
110083,1
188525,1
8054,1
60694,1
187293,1
23722,1
141328,1
137223,1
70701,1
165512,1
183547,1
95848,1
144556,1
37558,1
56852,1
144765,1
173185,1
172731,1
190963,1
82622,1
154988,1
112141,1
150765,1
121265,1
153592,1
22124,1
172360,1
102074,1
137829,1
119738,1
191288,1
6105,1
107194,1
150901,1
160131,1
130554,1
59354,1
160020,1
23457,1
178460,1
100786,1
15472,1
115747,1
185361,1
53600,1
122151,1
35322,1
129730,1
11133,1
105021,1
134092,1
38180,1
94353,1
105093,1
83284,1
58069,1
107480,1
159938,1
186468,1
159530,1
92395,1
168989,1
91038,1
174312,1
73624,1
134277,1
168190,1
122986,1
165687,1
81139,1
164700,1
164613,1
143988,1
53918,1
87869,1
174627,1
7746,1
76919,1
65381,1
144471,1
72577,1
195787,1
11220,1
61215,1
102345,1
61286,1
49815,1
14522,1
184592,1
151682,1
142,1
1757,1
176781,1
187666,1
204697,1
130169,1
70353,1
92986,1
83862,1
14990,1
196117,1
110079,1
98585,1
158719,1
1034,1
7383,1
115330,1
36449,1
9385,1
20330,1
136779,1
68725,1
62265,1
60122,1
76392,1
14989,1
6951,1
120399,1
117777,1
42624,1
72555,1
165076,1
161375,1
25865,1
102184,1
157653,1
15625,1
92287,1
156900,1
169378,1
130853,1
86204,1
3081,1
193323,1
149981,1
94720,1
14168,1
67177,1
114883,1
184244,1
137640,1
39533,1
167515,1
203937,1
166937,1
57989,1
21827,1
6217,1
102321,1
113115,1
189688,1
93194,1
125523,1
152290,1
176949,1
157511,1
4525,1
52019,1
184305,1
166321,1
34372,1
184100,1
188628,1
188843,1
147411,1
101898,1
95571,1
40358,1
166723,1
141366,1
99848,1
164267,1
87965,1
168712,1
62338,1
67543,1
105948,1
125140,1
172819,1
118632,1
150009,1
29790,1
161422,1
145713,1
137536,1
110293,1
131590,1
45769,1
140634,1
139265,1
135696,1
158176,1
149788,1
137961,1
100494,1
115220,1
88720,1
63415,1
104368,1
203899,1
77833,1
155997,1
65584,1
201061,1
102884,1
113812,1
100249,1
137587,1
34210,1
139133,1
86128,1
170290,1
65942,1
206136,1
83808,1
30196,1
112070,1
90286,1
97031,1
149350,1
89840,1
67119,1
193184,1
75986,1
180735,1
160271,1
61189,1
154623,1
58008,1
96848,1
42608,1
70102,1
133261,1
94536,1
170762,1
177857,1
48647,1
26610,1
29817,1
76022,1
61399,1
56967,1
46607,1
20090,1
17620,1
107554,1
17437,1
6358,1
115013,1
193621,1
133327,1
115252,1
96606,1
182608,1
202858,1
75862,1
41216,1
140191,1
30274,1
196926,1
59919,1
43795,1
18549,1
160283,1
10139,1
35994,1
149570,1
156395,1
140820,1
154569,1
168037,1
184858,1
135963,1
76543,1
28552,1
80063,1
119040,1
164354,1
166084,1
156946,1
101825,1
73946,1
123402,1
200144,1
121049,1
165439,1
82776,1
173983,1
52349,1
75608,1
76805,1
119123,1
194134,1
48224,1
85997,1
25757,1
122199,1
40473,1
19410,1
170833,1
82298,1
16027,1
180137,1
116341,1
125153,1
45202,1
63013,1
68663,1
24148,1
137575,1
59125,1
168178,1
68916,1
125012,1
200149,1
90674,1
179471,1
3749,1
26716,1
30034,1
27976,1
190577,1
191257,1
73794,1
46963,1
203371,1
97333,1
43397,1
91654,1
34115,1
37454,1
126586,1
44814,1
3795,1
157908,1
202359,1
178747,1
45574,1
204992,1
91446,1
38261,1
82526,1
145087,1
73405,1
87710,1
9903,1
37394,1
181399,1
203888,1
27019,1
106981,1
62089,1
189344,1
160026,1
95558,1
16090,1
191235,1
50572,1
29599,1
116707,1
198887,1
4481,1
103823,1
89417,1
102821,1
184818,1
34326,1
59859,1
111155,1
76776,1
116586,1
82214,1
100142,1
140665,1
135889,1
732,1
34147,1
162910,1
73055,1
101374,1
156661,1
175548,1
170954,1
52874,1
22315,1
147537,1
32117,1
178024,1
33780,1
64727,1
176759,1
201270,1
59095,1
100892,1
53755,1
58139,1
74588,1
78471,1
103648,1
175737,1
121668,1
27934,1
80398,1
46316,1
76450,1
75028,1
87726,1
124928,1
173291,1
146719,1
51399,1
80982,1
138164,1
102723,1
50711,1
187403,1
10367,1
162685,1
14607,1
28923,1
53727,1
199746,1
54931,1
102404,1
57256,1
36141,1
134825,1
22208,1
132788,1
35572,1
53196,1
28561,1
86499,1
42504,1
17603,1
62865,1
149949,1
6570,1
12065,1
130328,1
78657,1
161073,1
173011,1
107682,1
144111,1
168080,1
143325,1
23492,1
96567,1
127765,1
190830,1
11478,1
193694,1
125273,1
100838,1
17759,1
22705,1
147869,1
78065,1
184655,1
5132,1
83231,1
160169,1
153747,1
24486,1
90685,1
48328,1
135857,1
48476,1
114182,1
57555,1
25667,1
15220,1
14774,1
16253,1
130195,1
95589,1
53590,1
124317,1
180050,1
56889,1
71915,1
15416,1
82456,1
62640,1
51037,1
32256,1
42428,1
47284,1
191604,1
120427,1
100306,1
106176,1
173701,1
9016,1
197178,1
75388,1
172229,1
79645,1
4233,1
116665,1
146831,1
97441,1
123437,1
36330,1
177047,1
19085,1
90494,1
169433,1
163592,1
4677,1
16939,1
9388,1
88582,1
183041,1
16980,1
28506,1
34369,1
178083,1
32252,1
117477,1
91558,1
204250,1
158556,1
178490,1
71395,1
200172,1
3453,1
91189,1
198668,1
84747,1
179676,1
187225,1
151597,1
194202,1
191450,1
5653,1
172979,1
71204,1
25103,1
93504,1
46689,1
6485,1
171904,1
149099,1
26213,1
41871,1
185504,1
190610,1
120456,1
69157,1
98536,1
147231,1
179397,1
6388,1
72602,1
103324,1
154534,1
7482,1
198,1
133949,1
189025,1
109547,1
91420,1
176884,1
171789,1
131134,1
33784,1
149633,1
28623,1
196640,1
5044,1
80442,1
169423,1
139397,1
96124,1
74492,1
53034,1
69929,1
117032,1
196697,1
131467,1
83957,1
62780,1
117961,1
91762,1
153106,1
41704,1
101626,1
41033,1
170233,1
117089,1
175667,1
180213,1
19969,1
190340,1
166044,1
87461,1
147635,1
8776,1
4617,1
140741,1
49152,1
101995,1
19047,1
989,1
11261,1
128934,1
16380,1
125185,1
7200,1
204972,1
54115,1
12490,1
178140,1
149319,1
165429,1
202559,1
119319,1
29013,1
153850,1
26238,1
135380,1
21417,1
9987,1
129663,1
63178,1
87876,1
185932,1
109296,1
192510,1
172863,1
135221,1
81507,1
174630,1
181526,1
137733,1
119911,1
188137,1
111191,1
114675,1
50270,1
107941,1
127540,1
25123,1
204705,1
179467,1
66819,1
92251,1
16578,1
55688,1
143882,1
160162,1
33413,1
102439,1
199720,1
142143,1
89571,1
104397,1
29975,1
73534,1
129731,1
50647,1
59340,1
192465,1
149510,1
129741,1
16454,1
89356,1
197237,1
12322,1
138883,1
56397,1
184729,1
200979,1
35494,1
10539,1
104775,1
87351,1
47990,1
195319,1
182659,1
894,1
21398,1
137589,1
89653,1
4187,1
204712,1
92866,1
42729,1
135664,1
94468,1
169930,1
92897,1
96906,1
202976,1
169583,1
60892,1
172834,1
22352,1
56942,1
106929,1
151437,1
192604,1
42136,1
168968,1
71178,1
165703,1
100171,1
17773,1
126005,1
21425,1
100176,1
176291,1
57088,1
188380,1
193535,1
154243,1
115051,1
154472,1
182532,1
5546,1
40283,1
57934,1
78028,1
165722,1
98661,1
166237,1
88933,1
9156,1
173095,1
133392,1
69834,1
26290,1
138920,1
99983,1
5532,1
62260,1
117257,1
202821,1
122815,1
185974,1
55485,1
15048,1
33913,1
87712,1
189195,1
100691,1
12306,1
65668,1
89367,1
26200,1
109957,1
199809,1
104177,1
23539,1
95560,1
88526,1
166246,1
70211,1
188655,1
110145,1
95840,1
52679,1
56112,1
205837,1
62212,1
15557,1
120392,1
158671,1
175422,1
190921,1
93372,1
104719,1
41737,1
183497,1
194519,1
158971,1
176761,1
127186,1
11670,1
79738,1
43154,1
200407,1
67569,1
38567,1
49105,1
181154,1
117587,1
68038,1
179224,1
145559,1
171778,1
173166,1
32042,1
135569,1
113554,1
94084,1
112402,1
195663,1
33530,1
186021,1
77486,1
48405,1
159279,1
39994,1
111881,1
1584,1
168135,1
13593,1
76883,1
151169,1
16440,1
84773,1
41593,1
12197,1
59951,1
137252,1
176676,1
5705,1
69263,1
125421,1
173160,1
114010,1
105772,1
130722,1
19104,1
56574,1
164076,1
82876,1
186026,1
840,1
59575,1
194578,1
176285,1
93848,1
136893,1
77779,1
163613,1
132986,1
186083,1
103149,1
128226,1
82271,1
98025,1
44643,1
36555,1
68820,1
191378,1
110542,1
112211,1
15688,1
56043,1
40178,1
140278,1
22973,1
7472,1
11467,1
11275,1
20087,1
75784,1
176269,1
130757,1
71321,1
71557,1
178228,1
119669,1
183965,1
58273,1
21205,1
153137,1
146063,1
45968,1
168876,1
18300,1
110634,1
120510,1
142862,1
24994,1
54371,1
64401,1
158840,1
62795,1
181260,1
58489,1
28988,1
31345,1
22328,1
35522,1
195070,1
109823,1
156054,1
178242,1
4226,1
48365,1
161906,1
31458,1
146255,1
189306,1
746,1
119697,1
51728,1
138193,1
199467,1
99521,1
135291,1
16486,1
29144,1
112223,1
98837,1
118313,1
67381,1
155127,1
32205,1
157847,1
11792,1
106542,1
205150,1
90855,1
22794,1
130189,1
194618,1
171454,1
104063,1
17046,1
27456,1
83147,1
156275,1
152030,1
172566,1
88840,1
201338,1
157464,1
38051,1
1422,1
13955,1
185007,1
24735,1
16150,1
39538,1
181728,1
160021,1
23739,1
558,1
200922,1
144522,1
144415,1
10728,1
195503,1
167915,1
47972,1
156000,1
48101,1
199028,1
12847,1
61753,1
16740,1
139939,1
117577,1
201372,1
61827,1
65364,1
38497,1
4095,1
167507,1
8714,1
166523,1
121617,1
2457,1
94387,1
35251,1
27966,1
127253,1
40566,1
82037,1
89032,1
28593,1
100318,1
142237,1
49187,1
21411,1
97759,1
75079,1
151439,1
108691,1
65923,1
133423,1
53169,1
86624,1
831,1
179680,1
87405,1
104588,1
116802,1
107119,1
184223,1
60416,1
123428,1
49471,1
47548,1
148289,1
202890,1
132913,1
132458,1
160571,1
4272,1
180052,1
109187,1
127314,1
191387,1
134554,1
157682,1
12067,1
32054,1
178533,1
176289,1
165241,1
126603,1
198127,1
176323,1
112501,1
46280,1
4091,1
34888,1
92787,1
29191,1
84528,1
1664,1
195794,1
28058,1
97019,1
72443,1
26191,1
17292,1
165491,1
143792,1
48129,1
46285,1
45029,1
155860,1
185337,1
192715,1
16294,1
34680,1
46493,1
21437,1
142958,1
102781,1
28941,1
108504,1
173781,1
194462,1
77446,1
14422,1
94153,1
190415,1
132223,1
72927,1
78176,1
49198,1
198853,1
108296,1
119291,1
14771,1
123592,1
8966,1
21241,1
154579,1
64204,1
135829,1
21756,1
122061,1
59688,1
140309,1
11364,1
17961,1
166020,1
100330,1
77973,1
54454,1
5437,1
99467,1
113305,1
55345,1
160988,1
163074,1
63582,1
107925,1
128813,1
3742,1
176839,1
81063,1
42277,1
204230,1
49079,1
91932,1
195222,1
134605,1
42686,1
153635,1
66954,1
140887,1
199904,1
58258,1
157066,1
29415,1
127661,1
175248,1
169156,1
135858,1
148367,1
167103,1
180659,1
124276,1
175483,1
23997,1
72863,1
205430,1
164308,1
62022,1
84453,1
176508,1
160975,1
34409,1
9992,1
45776,1
186247,1
54209,1
100656,1
136595,1
133034,1
97877,1
145293,1
130875,1
148257,1
76335,1
112587,1
65906,1
112919,1
139613,1
167071,1
86872,1
38169,1
57862,1
141198,1
136140,1
57732,1
3268,1
37081,1
26575,1
12944,1
31000,1
72006,1
196304,1
3160,1
84272,1
186206,1
156002,1
127179,1
87749,1
16986,1
187701,1
164777,1
142676,1
8464,1
179772,1
203144,1
54060,1
206163,1
170200,1
25599,1
159832,1
146055,1
95800,1
48206,1
199743,1
63698,1
75836,1
17426,1
44426,1
148194,1
36935,1
98149,1
178168,1
4745,1
22713,1
64434,1
189403,1
42008,1
98705,1
57023,1
24605,1
106742,1
47969,1
26005,1
74000,1
20797,1
40314,1
181738,1
102357,1
10561,1
53152,1
36729,1
191226,1
172558,1
29390,1
25211,1
188900,1
128178,1
177146,1
194516,1
86733,1
131738,1
13876,1
191839,1
28530,1
190388,1
1234,1
155607,1
54260,1
96967,1
179177,1
43190,1
139147,1
6077,1
89244,1
20658,1
58892,1
66436,1
126679,1
190986,1
113954,1
62826,1
36801,1
156557,1
197897,1
65222,1
171604,1
162281,1
28393,1
26084,1
66453,1
100763,1
192586,1
157862,1
160264,1
15628,1
189031,1
19525,1
28793,1
191797,1
116613,1
176933,1
125707,1
187393,1
202661,1
22857,1
43538,1
159473,1
131990,1
185697,1
28666,1
170877,1
195630,1
47132,1
58555,1
169297,1
31399,1
22282,1
21242,1
112599,1
121216,1
73706,1
6037,1
161934,1
117056,1
18095,1
9277,1
121655,1
119131,1
47673,1
102038,1
189660,1
142462,1
201389,1
156441,1
2626,1
145990,1
84756,1
47119,1
113237,1
129491,1
205981,1
166291,1
114725,1
198813,1
183385,1
62588,1
146125,1
50246,1
32980,1
197643,1
176748,1
93829,1
51936,1
52779,1
56532,1
175910,1
50337,1
135373,1
26848,1
21005,1
170759,1
199234,1
23556,1
192313,1
181885,1
96917,1
200981,1
18131,1
99161,1
18687,1
193932,1
61826,1
24488,1
84034,1
79876,1
153101,1
95714,1
125435,1
48895,1
33472,1
151788,1
17877,1
8129,1
99846,1
191389,1
109608,1
154224,1
101743,1
33561,1
146422,1
161509,1
17222,1
35742,1
22179,1
9216,1
158220,1
2824,1
43086,1
172797,1
110448,1
32753,1
25959,1
9172,1
61713,1
117105,1
155130,1
52150,1
196517,1
44242,1
20662,1
179687,1
94311,1
56871,1
140804,1
130053,1
115907,1
107034,1
59810,1
155960,1
129287,1
143237,1
135410,1
199008,1
177242,1
41449,1
116799,1
117569,1
135355,1
82187,1
173977,1
68553,1
131104,1
8435,1
183801,1
91960,1
119490,1
173550,1
161032,1
130275,1
102806,1
177020,1
186666,1
49351,1
132145,1
13227,1
157807,1
112213,1
68314,1
165471,1
149088,1
113900,1
71226,1
37365,1
165398,1
133565,1
172397,1
132006,1
69633,1
41926,1
5453,1
148540,1
181584,1
169955,1
179598,1
64367,1
70955,1
143358,1
175995,1
102664,1
108958,1
176947,1
25468,1
3282,1
76866,1
136251,1
18968,1
174040,1
104028,1
153949,1
146039,1
68017,1
164411,1
8999,1
122259,1
93022,1
145440,1
80177,1
3973,1
167541,1
96000,1
139082,1
165947,1
11043,1
56699,1
63720,1
168893,1
177282,1
173600,1
90013,1
181468,1
151148,1
130171,1
3098,1
3577,1
168974,1
51331,1
196263,1
56307,1
153950,1
140347,1
137626,1
157460,1
174115,1
138964,1
117207,1
83953,1
5351,1
56126,1
180412,1
145688,1
102460,1
29665,1
130054,1
11543,1
199412,1
122080,1
47136,1
108078,1
150306,1
163214,1
108144,1
10846,1
27917,1
184734,1
87313,1
39693,1
166870,1
181033,1
154779,1
114548,1
179111,1
83422,1
49702,1
154770,1
19568,1
49518,1
166304,1
143162,1
171297,1
98229,1
107217,1
144916,1
64612,1
190246,1
89340,1
8846,1
199081,1
197118,1
92111,1
158321,1
137333,1
161444,1
84701,1
50262,1
10543,1
205615,1
67405,1
204148,1
122865,1
109329,1
166699,1
71371,1
194564,1
98020,1
4823,1
144716,1
141452,1
40515,1
163820,1
49828,1
63095,1
54594,1
197587,1
113897,1
86329,1
159611,1
96360,1
81225,1
166932,1
172710,1
184535,1
62074,1
47477,1
172680,1
87680,1
77089,1
132070,1
7657,1
204170,1
15781,1
49449,1
37670,1
160897,1
71766,1
172452,1
105759,1
70286,1
175878,1
32505,1
101766,1
142314,1
174700,1
97695,1
145754,1
52932,1
175500,1
87499,1
95002,1
76855,1
187808,1
85506,1
52606,1
179265,1
2631,1
7914,1
92351,1
178863,1
183669,1
122120,1
25866,1
128675,1
202295,1
205081,1
169417,1
57393,1
89874,1
69337,1
195408,1
79718,1
6480,1
72883,1
41944,1
22526,1
184228,1
156397,1
121715,1
197182,1
48194,1
89085,1
193269,1
170452,1
31121,1
158727,1
78277,1
95236,1
52642,1
189733,1
132098,1
191756,1
128951,1
143043,1
83220,1
112189,1
193587,1
101866,1
20971,1
129640,1
89799,1
42387,1
182477,1
179062,1
63704,1
145979,1
193115,1
133495,1
50551,1
174537,1
17144,1
76311,1
73410,1
50135,1
13927,1
51937,1
85919,1
157334,1
39668,1
92529,1
195980,1
111473,1
158010,1
31366,1
149133,1
133700,1
32553,1
14054,1
83688,1
7901,1
172554,1
70831,1
177070,1
120545,1
152650,1
35691,1
168981,1
35345,1
195182,1
120967,1
102380,1
96477,1
143173,1
156053,1
204715,1
113815,1
205838,1
92621,1
35783,1
124148,1
92107,1
169922,1
109201,1
179205,1
118995,1
58744,1
169358,1
31262,1
157946,1
186951,1
19464,1
160123,1
137035,1
131898,1
116728,1
5317,1
159549,1
195463,1
86878,1
181212,1
125548,1
81393,1
143114,1
146945,1
132866,1
126008,1
176240,1
56128,1
138477,1
188351,1
12837,1
144464,1
124346,1
109024,1
50196,1
191581,1
31667,1
115513,1
6860,1
185661,1
48452,1
108776,1
117857,1
28908,1
101696,1
102508,1
138808,1
42663,1
204806,1
169307,1
144986,1
205963,1
47487,1
10390,1
176825,1
177399,1
7262,1
109072,1
57138,1
184715,1
52119,1
55809,1
115941,1
202709,1
195350,1
53396,1
66984,1
123904,1
61879,1
86788,1
3678,1
185982,1
58101,1
33212,1
161637,1
74965,1
34016,1
205610,1
38715,1
9734,1
150082,1
195686,1
1281,1
187853,1
197588,1
158589,1
138338,1
81737,1
74885,1
62256,1
35350,1
136746,1
99917,1
201073,1
156064,1
173332,1
202935,1
168550,1
149631,1
97993,1
14499,1
75343,1
79230,1
56323,1
147511,1
29620,1
146067,1
5485,1
27030,1
5632,1
106606,1
52550,1
126513,1
80791,1
77404,1
157502,1
69417,1
181599,1
143421,1
179227,1
128153,1
35443,1
46455,1
148162,1
74911,1
91612,1
61804,1
15488,1
7603,1
61301,1
131866,1
109047,1
156863,1
201052,1
18375,1
98509,1
97163,1
9552,1
129913,1
4364,1
100050,1
33988,1
73936,1
99643,1
124135,1
18770,1
72849,1
190559,1
60796,1
184413,1
32129,1
184795,1
14859,1
109813,1
96658,1
35278,1
193575,1
102922,1
45312,1
203543,1
2427,1
23300,1
65450,1
111164,1
169614,1
89640,1
124646,1
133928,1
103547,1
186263,1
149309,1
62841,1
141428,1
140462,1
164347,1
121149,1
19421,1
183629,1
29682,1
195565,1
14373,1
69112,1
124508,1
4942,1
142733,1
65915,1
194396,1
34955,1
169524,1
3061,1
1174,1
11678,1
194986,1
51837,1
104100,1
12775,1
64192,1
81638,1
148436,1
32139,1
159781,1
6511,1
186316,1
90132,1
153771,1
157418,1
36122,1
152211,1
132187,1
144075,1
30286,1
184975,1
169861,1
81640,1
145524,1
201915,1
115465,1
6873,1
89380,1
36044,1
9161,1
94674,1
137052,1
101162,1
6814,1
62416,1
37379,1
127574,1
19368,1
88409,1
197610,1
181967,1
191698,1
24368,1
136699,1
65528,1
120811,1
190353,1
89,1
146839,1
59034,1
47157,1
79487,1
81497,1
106807,1
99580,1
179063,1
181715,1
25781,1
31445,1
98190,1
132809,1
47743,1
96213,1
118601,1
153428,1
99700,1
40235,1
115508,1
201789,1
70565,1
157367,1
80709,1
17984,1
198511,1
203799,1
95951,1
43102,1
185393,1
38843,1
28467,1
137119,1
14294,1
44102,1
85866,1
190916,1
158673,1
41265,1
32462,1
121681,1
39044,1
159027,1
133103,1
32873,1
53612,1
165628,1
9744,1
172557,1
56997,1
171806,1
131644,1
120107,1
99779,1
63369,1
193364,1
59830,1
4270,1
124451,1
72827,1
140303,1
129230,1
88598,1
12631,1
27721,1
64533,1
195838,1
162448,1
196402,1
68141,1
69034,1
118648,1
19652,1
36815,1
133346,1
16543,1
13165,1
170563,1
35771,1
191036,1
122535,1
106025,1
122323,1
125383,1
38765,1
183964,1
158274,1
193253,1
190672,1
2051,1
146301,1
203602,1
114566,1
82952,1
16920,1
75755,1
85700,1
58299,1
108429,1
119060,1
70301,1
127347,1
170423,1
3899,1
117100,1
115791,1
13948,1
170678,1
146896,1
141706,1
69676,1
123901,1
58972,1
59080,1
53610,1
85908,1
165052,1
160991,1
32102,1
45785,1
52220,1
79200,1
72428,1
140545,1
98440,1
3971,1
127955,1
120157,1
150535,1
133073,1
204131,1
74744,1
155321,1
38921,1
57574,1
109856,1
58019,1
79708,1
126816,1
125087,1
183370,1
12342,1
111624,1
192338,1
59498,1
143912,1
176526,1
5623,1
191695,1
173954,1
5008,1
171110,1
103624,1
84938,1
72075,1
187325,1
65974,1
177651,1
42154,1
174066,1
87933,1
205495,1
136813,1
87711,1
185902,1
111364,1
137970,1
114843,1
147805,1
69761,1
36228,1
44368,1
144039,1
203475,1
45759,1
137403,1
174432,1
14387,1
120931,1
196574,1
126001,1
110494,1
107273,1
182293,1
45246,1
49177,1
143350,1
104931,1
181894,1
61342,1
60789,1
19066,1
179235,1
138385,1
166969,1
149491,1
35984,1
97970,1
23442,1
34066,1
5342,1
97534,1
181993,1
107604,1
126014,1
157754,1
13605,1
141584,1
191890,1
167398,1
129335,1
174620,1
152104,1
4338,1
117546,1
59141,1
99224,1
171127,1
27196,1
145504,1
90055,1
123573,1
143070,1
73163,1
147139,1
205911,1
30861,1
106213,1
22146,1
33064,1
180484,1
163908,1
140562,1
91807,1
37745,1
196454,1
27541,1
19169,1
142000,1
49727,1
63728,1
195721,1
38885,1
59897,1
131668,1
191221,1
106961,1
42566,1
44023,1
2835,1
161812,1
1206,1
44244,1
21413,1
193877,1
121066,1
136589,1
78037,1
5238,1
94150,1
7150,1
100812,1
36559,1
188704,1
8302,1
98268,1
140185,1
185723,1
92590,1
92546,1
34772,1
107725,1
190160,1
7502,1
205371,1
164062,1
157734,1
48601,1
117634,1
156031,1
158526,1
120540,1
127580,1
146092,1
25019,1
45454,1
2846,1
186142,1
140464,1
107537,1
53999,1
62368,1
192092,1
89213,1
71292,1
116538,1
144806,1
145879,1
195447,1
139149,1
75117,1
190843,1
10395,1
19168,1
200293,1
52980,1
98900,1
172637,1
96630,1
189418,1
30395,1
96199,1
121019,1
73733,1
159107,1
996,1
53952,1
73693,1
31556,1
113263,1
15467,1
94914,1
120534,1
142669,1
53198,1
123305,1
14601,1
114623,1
30240,1
178411,1
8598,1
130373,1
134601,1
194454,1
21584,1
126125,1
69805,1
121889,1
5741,1
186720,1
43414,1
89552,1
190316,1
73634,1
43303,1
124121,1
5829,1
160295,1
190524,1
51950,1
65578,1
74612,1
2565,1
131589,1
48683,1
27301,1
56989,1
68071,1
46060,1
116411,1
9548,1
67298,1
32994,1
102293,1
21273,1
28049,1
149733,1
140521,1
28391,1
118923,1
40683,1
171253,1
94605,1
4996,1
170817,1
202419,1
161425,1
57516,1
55997,1
152135,1
28529,1
15658,1
98120,1
96316,1
173685,1
86640,1
94640,1
173223,1
114465,1
103720,1
24370,1
144299,1
144380,1
104886,1
33993,1
197625,1
138942,1
181104,1
149722,1
187234,1
98896,1
15175,1
95159,1
53500,1
105180,1
88992,1
185396,1
124105,1
157903,1
54644,1
149263,1
41386,1
129674,1
117866,1
125797,1
161517,1
171168,1
48888,1
139561,1
205438,1
10288,1
45189,1
7623,1
63218,1
180951,1
65240,1
164957,1
162243,1
180012,1
183030,1
63223,1
150382,1
20531,1
52111,1
179708,1
108548,1
174407,1
161082,1
4502,1
17524,1
199416,1
13441,1
95254,1
171094,1
133585,1
140250,1
101719,1
171458,1
199556,1
138561,1
130274,1
78130,1
154998,1
70806,1
86480,1
133333,1
132850,1
22633,1
115366,1
28341,1
34370,1
105355,1
180527,1
152568,1
79041,1
163064,1
180526,1
45079,1
199711,1
25590,1
157005,1
182443,1
59791,1
79189,1
38142,1
153535,1
171783,1
133719,1
135895,1
64538,1
173756,1
177961,1
59152,1
55952,1
33442,1
155390,1
47008,1
75108,1
111724,1
4937,1
48606,1
48651,1
203350,1
32045,1
117755,1
99618,1
12886,1
143426,1
199511,1
148986,1
43808,1
121682,1
164824,1
169667,1
10688,1
132409,1
111063,1
204883,1
120561,1
166070,1
177007,1
33309,1
61598,1
205895,1
198790,1
14436,1
47312,1
126234,1
16181,1
51168,1
54081,1
169517,1
86088,1
46001,1
155350,1
122654,1
59199,1
10779,1
67350,1
121495,1
144695,1
128135,1
46507,1
156957,1
204,1
174357,1
162991,1
125517,1
133809,1
203724,1
766,1
183381,1
157546,1
150498,1
127415,1
52878,1
46440,1
83194,1
4056,1
64908,1
190153,1
179877,1
201163,1
37656,1
2411,1
131711,1
172847,1
102953,1
16360,1
7344,1
2512,1
132277,1
162777,1
183855,1
172171,1
100980,1
110947,1
164141,1
55781,1
3817,1
136196,1
168924,1
107312,1
192853,1
697,1
94241,1
134235,1
173471,1
144179,1
94179,1
118471,1
175637,1
182828,1
111021,1
126285,1
187528,1
79440,1
190828,1
150943,1
134609,1
144037,1
123550,1
94815,1
10955,1
201793,1
23973,1
140385,1
145,1
164505,1
118962,1
78845,1
143958,1
65849,1
62956,1
40375,1
84254,1
140243,1
37269,1
147434,1
189925,1
40075,1
137239,1
104618,1
153756,1
182672,1
19429,1
98967,1
57802,1
69698,1
190578,1
61961,1
53393,1
174581,1
140575,1
197389,1
114771,1
151143,1
181915,1
173839,1
121683,1
166309,1
129332,1
102260,1
202877,1
145014,1
114022,1
186518,1
246,1
108701,1
186515,1
12664,1
168669,1
98158,1
158399,1
49138,1
34639,1
146070,1
116357,1
65249,1
174866,1
8527,1
115073,1
167485,1
163953,1
156039,1
128762,1
5292,1
113967,1
202055,1
116024,1
3374,1
127434,1
39764,1
205426,1
171380,1
76916,1
72703,1
14211,1
83510,1
183440,1
122466,1
25715,1
93089,1
93834,1
72638,1
89680,1
90856,1
159570,1
200933,1
202807,1
3682,1
84757,1
68824,1
111,1
163400,1
140281,1
158407,1
188687,1
170820,1
154676,1
159705,1
41338,1
36992,1
191745,1
101671,1
189311,1
196907,1
173006,1
35555,1
63878,1
54038,1
1494,1
14228,1
74685,1
1885,1
120767,1
188679,1
159464,1
159171,1
111388,1
182849,1
39123,1
46467,1
75248,1
103022,1
196223,1
87352,1
43280,1
174841,1
36921,1
165204,1
1227,1
121669,1
125312,1
143321,1
31986,1
86107,1
161645,1
179045,1
90100,1
143817,1
81170,1
91750,1
115644,1
6229,1
120549,1
11538,1
160910,1
160720,1
131786,1
124167,1
183123,1
36905,1
185167,1
17010,1
106248,1
185703,1
61857,1
182235,1
100908,1
43482,1
21663,1
68091,1
53156,1
70523,1
86319,1
151053,1
128125,1
4410,1
49642,1
24287,1
193037,1
143885,1
30056,1
93309,1
162523,1
171479,1
19258,1
85953,1
113463,1
7858,1
185245,1
28648,1
62474,1
63973,1
112221,1
52073,1
154419,1
188299,1
26474,1
10641,1
64985,1
176942,1
72583,1
117333,1
3135,1
169279,1
125603,1
66884,1
90683,1
125889,1
45745,1
106825,1
173068,1
143777,1
188078,1
106011,1
60431,1
164555,1
5989,1
12058,1
5555,1
66009,1
83902,1
107407,1
7698,1
4251,1
152724,1
89952,1
88121,1
126305,1
61791,1
29238,1
110338,1
79103,1
38419,1
52239,1
188167,1
7286,1
32650,1
124203,1
132779,1
80668,1
131096,1
43654,1
56143,1
46485,1
126840,1
8947,1
187072,1
126643,1
38650,1
165692,1
78033,1
21400,1
175911,1
54751,1
148107,1
48316,1
4872,1
110380,1
31206,1
32022,1
152853,1
98253,1
173420,1
84739,1
946,1
3770,1
115271,1
46193,1
177480,1
50953,1
30217,1
179875,1
193416,1
52673,1
148867,1
165100,1
43951,1
11298,1
107380,1
161756,1
160595,1
53068,1
98006,1
78980,1
186040,1
7031,1
103783,1
137990,1
198700,1
11452,1
77555,1
58180,1
72229,1
42898,1
182444,1
126115,1
148105,1
177359,1
168250,1
133322,1
89906,1
137643,1
153085,1
122878,1
79590,1
58556,1
134886,1
66789,1
187767,1
137719,1
174625,1
72888,1
103588,1
204340,1
47281,1
98915,1
49073,1
42329,1
98452,1
15411,1
49462,1
78128,1
120289,1
79450,1
5530,1
141196,1
44481,1
158281,1
151848,1
185857,1
107552,1
2901,1
169908,1
106310,1
195581,1
138626,1
20649,1
182205,1
152936,1
161432,1
105345,1
161500,1
45621,1
84476,1
98645,1
146867,1
147239,1
167874,1
186185,1
145464,1
49300,1
37639,1
124198,1
29294,1
36431,1
2878,1
185805,1
189420,1
2265,1
103262,1
19715,1
94668,1
59149,1
134134,1
185056,1
84693,1
54199,1
102193,1
103179,1
34861,1
56358,1
6242,1
187791,1
105708,1
12008,1
32053,1
148944,1
42643,1
10368,1
69974,1
120741,1
108067,1
187611,1
15250,1
33006,1
132283,1
134008,1
159816,1
38825,1
158513,1
2932,1
61191,1
117982,1
74663,1
85222,1
161258,1
177568,1
52276,1
113840,1
18653,1
53461,1
160827,1
82498,1
202271,1
56936,1
192850,1
64837,1
134534,1
87538,1
34281,1
81395,1
121208,1
35407,1
30549,1
37400,1
106251,1
28457,1
181331,1
128994,1
78358,1
195918,1
14417,1
8913,1
120248,1
47475,1
33670,1
22914,1
125457,1
60054,1
163103,1
178094,1
184900,1
91768,1
53416,1
76654,1
29745,1
91924,1
132078,1
81013,1
35503,1
52117,1
77322,1
45626,1
149520,1
152063,1
118340,1
90687,1
172598,1
146438,1
81112,1
70289,1
171561,1
129367,1
103223,1
13250,1
198034,1
38528,1
62705,1
138110,1
81690,1
35607,1
184003,1
169391,1
126697,1
187122,1
121107,1
150165,1
146373,1
12726,1
100872,1
66710,1
85892,1
106569,1
128744,1
18828,1
59936,1
74015,1
105940,1
18011,1
95196,1
176104,1
165553,1
161283,1
128062,1
60510,1
92000,1
139685,1
44901,1
24393,1
176834,1
46752,1
180269,1
23981,1
97754,1
80212,1
203200,1
151645,1
97183,1
37234,1
4804,1
12145,1
40018,1
134343,1
47420,1
39114,1
60127,1
145433,1
22621,1
196675,1
14890,1
36669,1
154128,1
23198,1
184529,1
61418,1
155011,1
131010,1
188689,1
146991,1
8648,1
103442,1
89091,1
131387,1
88511,1
169542,1
131998,1
155186,1
45487,1
16226,1
94378,1
121407,1
38945,1
19182,1
178286,1
190566,1
24914,1
121300,1
200205,1
118896,1
183480,1
190191,1
17099,1
110991,1
167540,1
151525,1
107322,1
146089,1
194137,1
51117,1
176815,1
47462,1
12570,1
173495,1
78012,1
143126,1
82941,1
189927,1
129558,1
9979,1
98224,1
197930,1
197199,1
183443,1
164780,1
179256,1
56655,1
101125,1
124395,1
15725,1
184981,1
74062,1
183908,1
198508,1
173823,1
74710,1
102956,1
143552,1
144770,1
50419,1
103082,1
188852,1
185425,1
174019,1
52202,1
9176,1
117725,1
146385,1
205513,1
197272,1
78516,1
162452,1
186397,1
49740,1
56613,1
178211,1
172916,1
52982,1
82373,1
31767,1
19882,1
121293,1
61889,1
86392,1
172216,1
39441,1
169501,1
202978,1
135185,1
27412,1
142813,1
899,1
69998,1
149202,1
192361,1
187377,1
193884,1
184313,1
156324,1
7452,1
174037,1
195096,1
25166,1
100109,1
136305,1
205744,1
64723,1
25585,1
22485,1
90902,1
127881,1
141778,1
186094,1
128433,1
44625,1
16912,1
15056,1
127432,1
2659,1
148229,1
180450,1
62230,1
88093,1
23063,1
142200,1
136960,1
34652,1
107183,1
78931,1
149798,1
11522,1
190677,1
124766,1
147674,1
40707,1
38092,1
9659,1
109913,1
166056,1
140332,1
80928,1
104782,1
136703,1
71284,1
18794,1
199174,1
119141,1
184855,1
68433,1
185460,1
189397,1
114317,1
177302,1
182801,1
161856,1
86962,1
104323,1
63644,1
132990,1
149186,1
85412,1
145467,1
171001,1
196615,1
83689,1
5451,1
6022,1
113193,1
84772,1
160573,1
96130,1
148778,1
138950,1
68511,1
91869,1
153492,1
131635,1
131044,1
193160,1
189799,1
196136,1
115045,1
112654,1
136783,1
5409,1
14342,1
203917,1
67688,1
47963,1
169403,1
40637,1
41334,1
205751,1
39596,1
113486,1
143125,1
114802,1
42289,1
53793,1
158364,1
85825,1
80160,1
148139,1
12414,1
36858,1
31133,1
98206,1
83152,1
200591,1
177014,1
184008,1
38574,1
74172,1
28024,1
198875,1
40770,1
126197,1
145047,1
108373,1
83966,1
150045,1
150130,1
9561,1
72651,1
28545,1
60884,1
100766,1
201286,1
22677,1
163518,1
23951,1
172078,1
148924,1
122059,1
50564,1
154227,1
40546,1
46221,1
150826,1
60751,1
117108,1
13981,1
189211,1
101857,1
57167,1
29502,1
14097,1
40101,1
75978,1
15711,1
172770,1
157266,1
94432,1
192288,1
107262,1
204238,1
65810,1
88410,1
54477,1
53274,1
77092,1
25392,1
195562,1
56682,1
198607,1
153447,1
193563,1
145996,1
86834,1
193474,1
85475,1
6912,1
18803,1
199721,1
94539,1
184403,1
168453,1
146954,1
115998,1
144698,1
76428,1
10078,1
84399,1
2424,1
90780,1
143208,1
203911,1
125717,1
194707,1
124630,1
195462,1
144665,1
201677,1
17618,1
28722,1
103110,1
55439,1
62066,1
54391,1
11102,1
191595,1
79624,1
47419,1
43046,1
87221,1
126292,1
144909,1
188725,1
41866,1
48039,1
90378,1
156478,1
184235,1
139836,1
80621,1
6942,1
109283,1
85044,1
117622,1
178033,1
192653,1
104970,1
124706,1
104545,1
172246,1
111165,1
72056,1
174289,1
44788,1
158230,1
12907,1
113400,1
18608,1
157436,1
205439,1
28472,1
126556,1
196724,1
12262,1
66001,1
104446,1
32440,1
74365,1
14161,1
78287,1
11505,1
184473,1
147991,1
8522,1
191454,1
12463,1
2234,1
18477,1
128825,1
71871,1
129694,1
45107,1
33284,1
153413,1
44653,1
124835,1
18155,1
143758,1
87057,1
144952,1
153018,1
182636,1
37890,1
62320,1
82899,1
4709,1
9779,1
189772,1
96254,1
112562,1
56652,1
87110,1
113124,1
146926,1
200712,1
166319,1
53153,1
162362,1
110684,1
5556,1
178351,1
126288,1
46262,1
127690,1
36185,1
83861,1
136137,1
5052,1
52510,1
141326,1
177064,1
156091,1
59237,1
105846,1
137231,1
65577,1
61328,1
92127,1
32388,1
95938,1
145473,1
138109,1
74900,1
19006,1
137274,1
97589,1
116652,1
158264,1
141810,1
101628,1
40970,1
189710,1
168971,1
184361,1
114634,1
199037,1
11120,1
163104,1
55964,1
204771,1
128759,1
32658,1
185588,1
116173,1
177161,1
94433,1
204109,1
37468,1
129749,1
170795,1
98802,1
188177,1
90938,1
51974,1
123336,1
6886,1
10868,1
127391,1
133689,1
100957,1
1368,1
185884,1
200982,1
202174,1
110385,1
150225,1
62458,1
7852,1
205446,1
172255,1
75713,1
28859,1
124179,1
64959,1
8281,1
145157,1
111093,1
188832,1
19763,1
133133,1
185668,1
10188,1
182851,1
136798,1
17424,1
99671,1
135426,1
19264,1
179161,1
70641,1
176025,1
140885,1
47671,1
55536,1
149241,1
205058,1
7809,1
147800,1
152464,1
78110,1
61216,1
138701,1
114674,1
153825,1
176636,1
38659,1
189515,1
49179,1
128266,1
27164,1
126022,1
91764,1
32100,1
27291,1
21109,1
136742,1
94297,1
117438,1
21903,1
102629,1
5639,1
182667,1
190032,1
41256,1
119826,1
7816,1
138143,1
27132,1
90032,1
184275,1
28741,1
78298,1
165772,1
131205,1
176606,1
140507,1
179596,1
73759,1
16339,1
114742,1
80304,1
17351,1
203242,1
128678,1
14773,1
185558,1
42938,1
49132,1
108133,1
159636,1
112578,1
78082,1
128772,1
52917,1
9949,1
188498,1
39709,1
142542,1
156789,1
200704,1
104148,1
24106,1
117699,1
76679,1
163319,1
118875,1
31650,1
134324,1
201545,1
182934,1
196922,1
116997,1
86242,1
15460,1
59135,1
15924,1
130984,1
56389,1
13537,1
2212,1
162059,1
134717,1
133497,1
109897,1
77057,1
11124,1
138282,1
13193,1
165561,1
183682,1
58226,1
16658,1
22976,1
140578,1
37841,1
43121,1
196484,1
183195,1
155483,1
48376,1
200743,1
176710,1
32262,1
97201,1
96580,1
161256,1
30952,1
66829,1
148025,1
145221,1
180236,1
89122,1
87872,1
131321,1
152488,1
42618,1
19497,1
141155,1
132918,1
176583,1
114539,1
89546,1
16495,1
199702,1
166001,1
101622,1
189039,1
59475,1
117665,1
202654,1
120014,1
138809,1
161583,1
95121,1
18447,1
25360,1
31074,1
3910,1
153788,1
107704,1
204645,1
75031,1
40185,1
50255,1
121660,1
65459,1
33662,1
185182,1
39793,1
46675,1
159326,1
170454,1
32847,1
130204,1
80532,1
169306,1
3243,1
120524,1
93658,1
184819,1
23649,1
37492,1
149587,1
107741,1
122886,1
89431,1
73267,1
144924,1
186977,1
182463,1
131334,1
196593,1
86157,1
104225,1
200362,1
127558,1
144013,1
13212,1
53253,1
158516,1
33346,1
166700,1
43412,1
31279,1
115632,1
95932,1
152397,1
94776,1
36513,1
78598,1
127378,1
103222,1
113964,1
128378,1
156725,1
62503,1
33437,1
21918,1
79819,1
202005,1
65156,1
17138,1
48028,1
31847,1
167065,1
93510,1
43330,1
56731,1
61863,1
168466,1
82157,1
194825,1
133912,1
66609,1
130677,1
138750,1
126765,1
147745,1
140680,1
84625,1
104917,1
46753,1
89011,1
141418,1
23332,1
97415,1
29825,1
150823,1
173438,1
100421,1
45249,1
182114,1
69170,1
121355,1
13049,1
123075,1
6075,1
95257,1
173601,1
102075,1
149365,1
8746,1
11919,1
52176,1
155776,1
12174,1
127604,1
184635,1
68761,1
176414,1
171688,1
164355,1
116526,1
160277,1
181660,1
152312,1
91813,1
6898,1
11311,1
116412,1
19953,1
155318,1
74648,1
13862,1
174899,1
113828,1
44958,1
81908,1
131643,1
151954,1
151581,1
27511,1
5371,1
81829,1
199811,1
115199,1
178003,1
73729,1
177826,1
97261,1
28763,1
125759,1
67680,1
30819,1
78926,1
161646,1
1121,1
175061,1
186624,1
181494,1
3326,1
28892,1
103645,1
62058,1
5806,1
153210,1
145462,1
135085,1
3918,1
17594,1
123567,1
32726,1
6776,1
188168,1
70988,1
54491,1
28034,1
32765,1
37556,1
146914,1
164311,1
15430,1
155123,1
13215,1
197735,1
18291,1
132830,1
157705,1
43037,1
50931,1
54645,1
85950,1
129986,1
170522,1
121925,1
106326,1
30207,1
181757,1
187729,1
136357,1
99579,1
5813,1
94918,1
77429,1
198986,1
82301,1
148133,1
36776,1
168992,1
32167,1
4960,1
174517,1
100381,1
28614,1
60646,1
80347,1
160891,1
110721,1
191510,1
194242,1
163819,1
23530,1
53113,1
104439,1
135400,1
113695,1
74027,1
160902,1
869,1
100732,1
184882,1
123614,1
99657,1
30753,1
153699,1
54586,1
128590,1
194539,1
33637,1
67529,1
129475,1
32795,1
40282,1
150267,1
83476,1
135663,1
28562,1
179320,1
187142,1
130422,1
48183,1
122368,1
1720,1
108107,1
54243,1
157351,1
62633,1
55957,1
155026,1
124079,1
118903,1
87865,1
113893,1
188936,1
966,1
192594,1
11262,1
198555,1
128309,1
138851,1
103561,1
58657,1
17499,1
96880,1
140264,1
26134,1
176986,1
9729,1
104083,1
112645,1
179065,1
169185,1
55437,1
31571,1
176563,1
67985,1
120557,1
81309,1
59459,1
85535,1
177213,1
155415,1
152790,1
202831,1
1152,1
32052,1
131001,1
6426,1
42638,1
144406,1
58804,1
126751,1
26225,1
142401,1
28718,1
149577,1
84162,1
154094,1
68774,1
159056,1
24398,1
134154,1
66853,1
39409,1
151206,1
140902,1
9697,1
120270,1
75021,1
168338,1
157327,1
186550,1
33843,1
152419,1
187299,1
119389,1
20456,1
107501,1
91383,1
176566,1
82436,1
155990,1
41201,1
38608,1
202205,1
40020,1
63315,1
88203,1
145628,1
191512,1
97160,1
116340,1
20253,1
85392,1
108330,1
131394,1
36156,1
179057,1
74504,1
4365,1
8300,1
40074,1
145687,1
154298,1
6284,1
4280,1
177003,1
187521,1
36615,1
101187,1
39773,1
65694,1
94040,1
47794,1
121716,1
92771,1
117822,1
168136,1
110483,1
203874,1
35865,1
199285,1
57050,1
98934,1
21587,1
182451,1
51242,1
143671,1
43590,1
150158,1
188043,1
136091,1
122129,1
41515,1
32235,1
187118,1
72915,1
178516,1
67237,1
44641,1
8853,1
137259,1
59308,1
112104,1
50189,1
102802,1
178917,1
90666,1
44569,1
145046,1
25168,1
57611,1
162742,1
93652,1
129453,1
128880,1
202042,1
56304,1
138233,1
36574,1
12156,1
49113,1
168127,1
46948,1
190420,1
191499,1
205481,1
195385,1
66670,1
156052,1
118326,1
166196,1
172450,1
84225,1
29498,1
75928,1
83763,1
172877,1
161776,1
178444,1
175979,1
59261,1
43451,1
15985,1
65689,1
11761,1
26147,1
83513,1
89510,1
185360,1
109339,1
48235,1
182393,1
124450,1
111932,1
152020,1
129162,1
36085,1
88124,1
201994,1
2938,1
112461,1
190587,1
153090,1
192388,1
126725,1
8001,1
185675,1
96943,1
4449,1
19607,1
73408,1
103628,1
84553,1
89856,1
97842,1
188577,1
127427,1
50797,1
109272,1
81048,1
49087,1
147587,1
147090,1
45829,1
30245,1
197556,1
146199,1
160229,1
69268,1
163069,1
63087,1
70023,1
10253,1
7787,1
26772,1
82556,1
70069,1
31324,1
118775,1
14580,1
6343,1
71245,1
53019,1
6797,1
40218,1
90239,1
112477,1
151472,1
166663,1
80900,1
191850,1
66815,1
70278,1
100384,1
197294,1
81303,1
61502,1
76937,1
7850,1
123382,1
98180,1
96681,1
70349,1
123303,1
90240,1
98112,1
97096,1
174632,1
43599,1
70049,1
128647,1
155205,1
142174,1
164882,1
81655,1
37515,1
38089,1
123004,1
35605,1
151469,1
144791,1
175392,1
98082,1
100118,1
38975,1
1127,1
27779,1
124140,1
10627,1
70577,1
8960,1
97017,1
146231,1
63370,1
19693,1
89821,1
54399,1
54239,1
16687,1
127118,1
8203,1
40260,1
121825,1
161263,1
65253,1
50804,1
73897,1
147548,1
42386,1
120505,1
80009,1
56549,1
94636,1
71135,1
17050,1
121447,1
26494,1
24674,1
92261,1
109159,1
33251,1
117015,1
168255,1
166483,1
2362,1
33174,1
197936,1
125014,1
197888,1
24137,1
60507,1
8688,1
76822,1
192985,1
79917,1
126986,1
197907,1
51231,1
122749,1
54461,1
96762,1
156485,1
114761,1
21776,1
142191,1
163696,1
84150,1
51356,1
29029,1
1251,1
92631,1
105748,1
19574,1
59522,1
197452,1
186030,1
12777,1
47614,1
181170,1
109679,1
104243,1
98783,1
147565,1
185721,1
37114,1
31058,1
53554,1
199363,1
101329,1
75901,1
90399,1
87819,1
105321,1
132249,1
70762,1
107625,1
13352,1
27477,1
104653,1
159698,1
97806,1
182485,1
157713,1
70738,1
25943,1
33016,1
106071,1
116439,1
194434,1
116062,1
11937,1
18750,1
91854,1
105915,1
196970,1
42892,1
117480,1
32255,1
174500,1
97192,1
56916,1
153034,1
156126,1
791,1
87266,1
6594,1
75823,1
39041,1
120048,1
62978,1
100325,1
28599,1
72085,1
37618,1
104506,1
34896,1
166453,1
102012,1
177350,1
15761,1
184984,1
145502,1
170451,1
150778,1
109414,1
31872,1
151672,1
155382,1
140400,1
9928,1
120131,1
5037,1
152381,1
108314,1
67694,1
69353,1
197226,1
19179,1
190015,1
186922,1
84267,1
36904,1
61777,1
129534,1
64850,1
54290,1
57488,1
52923,1
84448,1
63457,1
142849,1
67716,1
151393,1
205904,1
142727,1
132328,1
13373,1
188418,1
38918,1
43338,1
193075,1
61213,1
137706,1
140596,1
128141,1
137472,1
62845,1
44865,1
65741,1
125441,1
149324,1
28565,1
50159,1
2115,1
108162,1
130222,1
128361,1
100943,1
91416,1
33621,1
13857,1
170159,1
155212,1
6262,1
72106,1
70078,1
16086,1
194294,1
27611,1
62931,1
89780,1
11290,1
100851,1
46090,1
18927,1
113625,1
79195,1
174731,1
55709,1
110115,1
108642,1
83374,1
191297,1
143508,1
96031,1
160936,1
137597,1
90887,1
126806,1
138654,1
182466,1
41983,1
36754,1
180495,1
128554,1
186564,1
144217,1
159133,1
173422,1
23077,1
140453,1
135510,1
89306,1
124398,1
101296,1
65059,1
135801,1
44950,1
117714,1
145219,1
103722,1
175898,1
44324,1
79180,1
97960,1
112131,1
25056,1
104680,1
141282,1
87276,1
94509,1
116004,1
157223,1
13222,1
18503,1
167727,1
61082,1
179146,1
155485,1
42543,1
60103,1
200297,1
187214,1
55434,1
63522,1
128757,1
204910,1
106295,1
11945,1
97154,1
59519,1
192849,1
33050,1
89513,1
13432,1
106035,1
82809,1
82312,1
165818,1
81863,1
24306,1
81517,1
190974,1
86557,1
151799,1
88265,1
2124,1
111075,1
92745,1
120247,1
16921,1
121928,1
117891,1
197322,1
194977,1
109797,1
151443,1
97883,1
115906,1
151969,1
185735,1
108845,1
169092,1
22660,1
196282,1
65029,1
46083,1
36286,1
3639,1
35034,1
40843,1
134777,1
9877,1
79512,1
116949,1
37493,1
103486,1
112887,1
172165,1
81035,1
90650,1
129062,1
151212,1
102395,1
73886,1
195530,1
111919,1
35686,1
90535,1
149129,1
67512,1
34999,1
99409,1
177533,1
143379,1
175612,1
6858,1
168458,1
49280,1
17051,1
194383,1
3406,1
171525,1
178900,1
104718,1
17838,1
73065,1
203201,1
40513,1
25941,1
120895,1
65083,1
98299,1
166245,1
172288,1
155580,1
83942,1
88254,1
175680,1
47499,1
204112,1
135437,1
64931,1
142206,1
185512,1
38154,1
5771,1
146982,1
73232,1
55871,1
99865,1
178209,1
67669,1
139445,1
192566,1
42232,1
146153,1
105473,1
195795,1
81654,1
86742,1
201059,1
97548,1
57624,1
34120,1
55234,1
122463,1
113126,1
42109,1
43128,1
43948,1
156853,1
117985,1
144046,1
85058,1
151974,1
14297,1
201647,1
12392,1
102688,1
153555,1
54997,1
147691,1
79613,1
118791,1
173241,1
197621,1
9537,1
19048,1
176461,1
167060,1
189930,1
83751,1
25126,1
194790,1
89000,1
182051,1
85213,1
193949,1
204305,1
174018,1
18847,1
140353,1
134998,1
21749,1
86745,1
91954,1
57953,1
101691,1
48372,1
118686,1
33071,1
83375,1
135485,1
106327,1
109624,1
30632,1
186162,1
150813,1
67977,1
58173,1
90583,1
129302,1
43354,1
113066,1
188233,1
40411,1
58462,1
130333,1
46385,1
161193,1
25775,1
4158,1
30825,1
2004,1
29525,1
162395,1
63535,1
83269,1
22939,1
91015,1
165316,1
162894,1
108874,1
173885,1
137218,1
124520,1
205373,1
139766,1
201913,1
30626,1
83301,1
141336,1
52088,1
164798,1
186201,1
53506,1
107968,1
102720,1
45969,1
152975,1
196047,1
186919,1
77243,1
16074,1
24828,1
167517,1
42029,1
116946,1
168587,1
152998,1
104085,1
113342,1
67955,1
19329,1
120273,1
158546,1
135514,1
118724,1
189739,1
63165,1
120266,1
182557,1
16115,1
83003,1
77851,1
21786,1
109010,1
8951,1
43695,1
17089,1
54401,1
197971,1
126649,1
83613,1
60018,1
59610,1
92671,1
83180,1
122220,1
74680,1
143625,1
203716,1
14308,1
96364,1
154004,1
36764,1
10637,1
40804,1
170222,1
30031,1
202994,1
42118,1
147471,1
171546,1
118739,1
145222,1
132053,1
115407,1
90710,1
57568,1
201718,1
180022,1
12668,1
32095,1
42891,1
125872,1
22725,1
48278,1
52096,1
4077,1
94736,1
29890,1
8388,1
97957,1
14584,1
114382,1
18846,1
92554,1
27080,1
200574,1
126375,1
136924,1
48363,1
99061,1
164421,1
32079,1
182882,1
174283,1
7059,1
68600,1
156289,1
78732,1
121318,1
144573,1
139022,1
38681,1
23149,1
33884,1
24951,1
97748,1
136952,1
105952,1
80465,1
98122,1
142181,1
86160,1
50756,1
1132,1
202200,1
127589,1
162606,1
184766,1
76158,1
25247,1
83283,1
166363,1
70016,1
28107,1
109231,1
112822,1
43645,1
95887,1
120382,1
176110,1
115005,1
147111,1
192945,1
196680,1
22112,1
83496,1
129422,1
67786,1
202791,1
165214,1
88340,1
199141,1
123137,1
183193,1
65640,1
8289,1
4132,1
18338,1
177546,1
120874,1
202480,1
18540,1
190428,1
172141,1
125909,1
137502,1
8665,1
13795,1
9930,1
131995,1
41383,1
47492,1
105995,1
123977,1
92843,1
4043,1
110041,1
78976,1
96449,1
47517,1
159060,1
74998,1
135779,1
30520,1
156965,1
17280,1
17921,1
138091,1
30434,1
76576,1
169385,1
4263,1
73406,1
142068,1
170800,1
144784,1
96551,1
77506,1
64198,1
110454,1
83621,1
77178,1
64642,1
72905,1
142668,1
92214,1
46364,1
57456,1
166980,1
143502,1
86944,1
99385,1
36237,1
141895,1
193521,1
76897,1
68586,1
20563,1
125814,1
62274,1
119876,1
55380,1
205996,1
188216,1
145600,1
166082,1
39836,1
147946,1
107654,1
173993,1
48191,1
102377,1
142611,1
129868,1
8426,1
780,1
179865,1
55134,1
110879,1
40419,1
95399,1
194288,1
103768,1
138473,1
10767,1
171288,1
44046,1
28624,1
158427,1
48596,1
186896,1
184329,1
159655,1
82991,1
126966,1
117181,1
138210,1
95248,1
8516,1
193766,1
151710,1
173669,1
165437,1
13385,1
67306,1
105340,1
166263,1
169626,1
188782,1
54520,1
39701,1
183766,1
154889,1
56173,1
65339,1
56941,1
103156,1
9577,1
184201,1
44534,1
99948,1
43485,1
156094,1
132107,1
65296,1
112103,1
79948,1
110074,1
68942,1
124338,1
45939,1
183828,1
74209,1
20340,1
34157,1
187953,1
114467,1
159251,1
158901,1
156625,1
95733,1
195111,1
155238,1
106870,1
142184,1
114034,1
87396,1
51570,1
60077,1
130764,1
13164,1
137261,1
84661,1
125949,1
165823,1
186507,1
158025,1
158500,1
95870,1
19502,1
141321,1
194850,1
139187,1
69881,1
203343,1
59758,1
184545,1
72136,1
86028,1
52964,1
130670,1
160829,1
133470,1
98718,1
106479,1
33733,1
127666,1
56234,1
188531,1
143955,1
192382,1
142832,1
101822,1
41418,1
166562,1
45234,1
195491,1
8976,1
120431,1
5501,1
133827,1
72367,1
206078,1
66745,1
83544,1
50960,1
49738,1
81219,1
66047,1
98821,1
139577,1
202601,1
189345,1
136252,1
17410,1
121128,1
86493,1
202524,1
121658,1
21541,1
10821,1
41692,1
13370,1
133432,1
62207,1
60355,1
411,1
97403,1
12110,1
102064,1
78030,1
40780,1
200836,1
194453,1
31789,1
8465,1
57528,1
188300,1
114073,1
51068,1
192910,1
20498,1
165274,1
67965,1
34458,1
145731,1
24343,1
200515,1
133163,1
157477,1
38992,1
174415,1
176836,1
195882,1
67921,1
203231,1
168231,1
63220,1
143716,1
105498,1
6625,1
158331,1
94159,1
36699,1
128090,1
120687,1
191223,1
24244,1
187915,1
130469,1
29113,1
17854,1
19624,1
70627,1
21355,1
63109,1
20628,1
119070,1
98150,1
194734,1
40429,1
132164,1
142439,1
118456,1
7907,1
153020,1
182974,1
124831,1
199766,1
105389,1
104714,1
192461,1
7567,1
187054,1
148299,1
202929,1
110491,1
125141,1
102611,1
114888,1
76857,1
78736,1
167137,1
82457,1
99414,1
203309,1
142944,1
199243,1
165318,1
175177,1
51024,1
110429,1
174379,1
60922,1
142109,1
15198,1
58600,1
42332,1
43471,1
87893,1
109061,1
69008,1
197612,1
6270,1
59633,1
144191,1
4175,1
90283,1
48531,1
77189,1
145375,1
137464,1
189369,1
183848,1
74587,1
106240,1
187021,1
16628,1
99980,1
17013,1
199160,1
180274,1
1489,1
114486,1
96017,1
63408,1
198529,1
56169,1
72630,1
182762,1
53701,1
10666,1
21846,1
29460,1
115348,1
167094,1
127716,1
170323,1
89826,1
19176,1
104222,1
26985,1
105602,1
56356,1
57265,1
134339,1
43860,1
110527,1
172210,1
42237,1
152265,1
114139,1
123849,1
103003,1
62148,1
152033,1
89396,1
95596,1
151648,1
194263,1
54565,1
105452,1
39147,1
144504,1
52524,1
144609,1
188566,1
132142,1
124962,1
15508,1
114127,1
187351,1
17215,1
196657,1
204707,1
191602,1
59388,1
98973,1
117795,1
106600,1
202727,1
183911,1
119306,1
79407,1
27152,1
107054,1
145797,1
164428,1
202213,1
84718,1
135089,1
1751,1
13574,1
107025,1
148611,1
181438,1
204331,1
100582,1
5802,1
84345,1
197860,1
74292,1
144408,1
59807,1
7685,1
191544,1
152559,1
203514,1
108579,1
133033,1
156312,1
188450,1
132540,1
168235,1
74623,1
189897,1
13658,1
127505,1
149770,1
5868,1
95316,1
180223,1
180135,1
100486,1
66795,1
192336,1
159205,1
124821,1
93774,1
136445,1
15707,1
2241,1
165829,1
53742,1
42080,1
177838,1
114563,1
162616,1
156131,1
135240,1
12364,1
79051,1
167671,1
60052,1
8638,1
183994,1
115344,1
3187,1
24535,1
92767,1
97153,1
143876,1
156923,1
115338,1
180115,1
146351,1
123889,1
81241,1
49999,1
95362,1
47887,1
115842,1
9242,1
189053,1
126554,1
27862,1
143774,1
124091,1
62334,1
75570,1
92109,1
180699,1
141845,1
67469,1
106053,1
125844,1
1761,1
180091,1
199074,1
114995,1
72777,1
40830,1
54440,1
58412,1
92663,1
146324,1
61116,1
102573,1
119156,1
112549,1
122754,1
180523,1
137342,1
179750,1
22419,1
59443,1
13814,1
115949,1
118721,1
189769,1
161668,1
175452,1
121324,1
85285,1
199104,1
200002,1
21158,1
51648,1
47763,1
176172,1
107952,1
89126,1
93413,1
203689,1
120227,1
112016,1
178079,1
78751,1
186174,1
153380,1
5647,1
146310,1
99745,1
142452,1
31042,1
20839,1
76181,1
54742,1
134720,1
41545,1
80407,1
3523,1
96589,1
180537,1
134893,1
164249,1
8468,1
18051,1
38257,1
59886,1
179659,1
79665,1
52243,1
26749,1
77635,1
85302,1
89054,1
197255,1
66519,1
51133,1
3939,1
132377,1
84174,1
19530,1
183919,1
10229,1
24319,1
15177,1
62567,1
177665,1
41687,1
103235,1
203934,1
144642,1
82478,1
91570,1
150274,1
185530,1
110648,1
121080,1
194109,1
182371,1
151447,1
180284,1
63358,1
162676,1
149948,1
43683,1
8531,1
82861,1
53180,1
15915,1
202952,1
104201,1
55750,1
160051,1
56492,1
86594,1
98351,1
199854,1
194022,1
154537,1
4724,1
36392,1
186002,1
68165,1
186259,1
9307,1
128252,1
105449,1
42441,1
167313,1
36184,1
183026,1
123497,1
2778,1
94164,1
168973,1
48937,1
159739,1
44530,1
134859,1
114300,1
64826,1
142116,1
27524,1
37476,1
133067,1
28762,1
195457,1
192799,1
149750,1
154671,1
105517,1
46603,1
63113,1
112359,1
158794,1
144088,1
63494,1
63235,1
17268,1
35828,1
58018,1
55534,1
147941,1
94888,1
87359,1
150495,1
197029,1
9168,1
85514,1
104753,1
170191,1
52735,1
20208,1
21632,1
14050,1
175614,1
19676,1
202833,1
82980,1
172414,1
141888,1
108991,1
124643,1
59305,1
184050,1
28096,1
52808,1
58048,1
166905,1
177668,1
49361,1
163025,1
26341,1
120988,1
141632,1
191603,1
38452,1
106796,1
191386,1
163687,1
82137,1
195933,1
161234,1
29738,1
100859,1
166094,1
203533,1
90682,1
148120,1
144432,1
32372,1
158140,1
173043,1
35435,1
23880,1
140466,1
75973,1
104052,1
238,1
107693,1
202436,1
135020,1
166427,1
132352,1
93308,1
107476,1
40739,1
110994,1
848,1
202567,1
81953,1
78157,1
19018,1
64609,1
183589,1
139629,1
118580,1
83873,1
202798,1
191861,1
12959,1
191142,1
135145,1
53778,1
89686,1
96758,1
152615,1
182722,1
201436,1
184079,1
108038,1
205520,1
25065,1
64897,1
164025,1
161534,1
182062,1
1871,1
184112,1
150357,1
175053,1
178364,1
58608,1
70659,1
149366,1
188767,1
56562,1
120562,1
75869,1
152332,1
139019,1
107381,1
29728,1
25338,1
119561,1
160298,1
67987,1
21328,1
119623,1
136882,1
196999,1
30781,1
155260,1
77400,1
12966,1
188176,1
14288,1
153516,1
92437,1
137765,1
131153,1
22212,1
521,1
171283,1
123340,1
183943,1
150505,1
87006,1
124014,1
121826,1
94458,1
37836,1
161846,1
138238,1
71874,1
52505,1
85624,1
111455,1
31611,1
139482,1
60168,1
162831,1
202523,1
5635,1
205195,1
186858,1
47154,1
120188,1
44479,1
170862,1
44811,1
22617,1
66871,1
49422,1
71131,1
128194,1
134079,1
106818,1
185353,1
90044,1
132605,1
132539,1
107001,1
7458,1
21612,1
104050,1
21363,1
5666,1
118256,1
139162,1
149403,1
53052,1
110052,1
199034,1
189091,1
37761,1
131857,1
76027,1
95110,1
58325,1
119676,1
200032,1
1634,1
23304,1
111108,1
161148,1
118893,1
205348,1
113829,1
145831,1
151419,1
122832,1
189995,1
6241,1
99279,1
2776,1
76129,1
156953,1
199500,1
15522,1
162649,1
98353,1
116021,1
151616,1
58425,1
180567,1
153682,1
1954,1
51308,1
62384,1
129377,1
172612,1
142431,1
107606,1
63796,1
87801,1
23152,1
192148,1
68497,1
93190,1
130638,1
148882,1
42996,1
114643,1
44095,1
193286,1
65688,1
41307,1
188247,1
186165,1
204478,1
21378,1
62100,1
62048,1
30756,1
18511,1
55931,1
127330,1
95367,1
169598,1
141832,1
133339,1
190250,1
24916,1
163711,1
195202,1
71839,1
30122,1
164233,1
139658,1
24672,1
128180,1
201025,1
113048,1
188834,1
44695,1
153671,1
143965,1
94588,1
142600,1
47388,1
46958,1
21736,1
74896,1
148854,1
55739,1
197061,1
146860,1
104362,1
194135,1
136522,1
138697,1
143893,1
157564,1
75824,1
194543,1
65851,1
162140,1
79691,1
30698,1
202002,1
76703,1
27090,1
83302,1
79334,1
122591,1
128154,1
67120,1
172526,1
136295,1
173491,1
195321,1
94643,1
73228,1
187771,1
197520,1
90398,1
173802,1
188597,1
127746,1
192933,1
1811,1
64305,1
15563,1
57048,1
156665,1
12264,1
45163,1
32570,1
93071,1
107329,1
170471,1
163215,1
118089,1
38064,1
143292,1
205964,1
32291,1
200599,1
11489,1
171482,1
191783,1
95727,1
81464,1
54090,1
166411,1
159316,1
67429,1
79270,1
46314,1
167056,1
11862,1
176170,1
159061,1
174462,1
9882,1
108783,1
114694,1
146128,1
50474,1
90200,1
147725,1
112524,1
79637,1
75293,1
46554,1
193882,1
136535,1
158724,1
15348,1
100674,1
57291,1
9578,1
131757,1
153697,1
81669,1
197972,1
184239,1
95117,1
16655,1
13123,1
106671,1
27267,1
16136,1
163185,1
997,1
152162,1
154062,1
81416,1
196668,1
158179,1
158610,1
28110,1
82806,1
155106,1
111654,1
36739,1
194225,1
50138,1
113932,1
188863,1
135674,1
155581,1
105393,1
93132,1
126340,1
69468,1
57139,1
128545,1
159385,1
153835,1
171843,1
196533,1
192006,1
153882,1
143527,1
169750,1
154393,1
154245,1
5779,1
154246,1
127715,1
19595,1
193948,1
136967,1
118392,1
26682,1
10896,1
66144,1
83478,1
31503,1
43119,1
173629,1
12453,1
127305,1
31377,1
60771,1
81545,1
176283,1
10402,1
168751,1
72505,1
171871,1
154429,1
150725,1
10391,1
107432,1
178004,1
202882,1
154635,1
91948,1
51899,1
196807,1
205876,1
127433,1
87994,1
100023,1
135802,1
20737,1
89883,1
177992,1
139904,1
137096,1
19071,1
113312,1
41421,1
77360,1
24559,1
119703,1
57831,1
43502,1
90613,1
141176,1
124349,1
87244,1
5696,1
49649,1
199697,1
163560,1
105450,1
105779,1
104424,1
114620,1
156821,1
12725,1
42860,1
136489,1
23623,1
98203,1
180319,1
34750,1
73303,1
198420,1
155880,1
82437,1
163008,1
167581,1
27338,1
23211,1
46140,1
46173,1
51099,1
11929,1
204122,1
104916,1
154413,1
84665,1
202181,1
174426,1
133726,1
3501,1
161558,1
56485,1
181244,1
178632,1
183505,1
164370,1
126174,1
136686,1
125540,1
185949,1
7796,1
137998,1
16265,1
199358,1
38024,1
118936,1
34258,1
90093,1
177851,1
141917,1
150816,1
187252,1
174254,1
36796,1
46348,1
119502,1
106835,1
53546,1
176722,1
30017,1
64027,1
128704,1
138891,1
153821,1
126597,1
198069,1
3011,1
56322,1
17804,1
76940,1
119575,1
168786,1
183888,1
85657,1
29743,1
36959,1
175041,1
198763,1
80133,1
148530,1
13495,1
130970,1
195219,1
39043,1
149208,1
156630,1
163916,1
62757,1
91319,1
128131,1
49544,1
202561,1
2892,1
55507,1
38951,1
103361,1
11083,1
131238,1
40152,1
143028,1
83547,1
84113,1
31595,1
164962,1
111354,1
87549,1
129664,1
3404,1
83579,1
89819,1
41416,1
160485,1
131790,1
37104,1
99142,1
62425,1
161012,1
103289,1
70048,1
14695,1
85375,1
29573,1
3425,1
89941,1
967,1
128438,1
129855,1
43052,1
199047,1
115845,1
4456,1
31806,1
102741,1
18025,1
172704,1
9866,1
35392,1
56926,1
150542,1
165185,1
57062,1
67500,1
55555,1
79527,1
168170,1
138230,1
4596,1
57570,1
87097,1
165346,1
183359,1
179530,1
95920,1
50847,1
188383,1
184817,1
10591,1
169081,1
57094,1
38370,1
837,1
1777,1
116434,1
64112,1
70711,1
171222,1
64715,1
55748,1
172991,1
107016,1
142827,1
1441,1
104128,1
180665,1
119549,1
103632,1
23266,1
139392,1
105268,1
34983,1
76376,1
182370,1
200079,1
100893,1
33183,1
29991,1
93984,1
86991,1
71754,1
26208,1
124402,1
24963,1
146335,1
18208,1
66960,1
137206,1
159194,1
68814,1
135599,1
126130,1
153201,1
154915,1
171226,1
163434,1
49807,1
201421,1
172569,1
53029,1
155266,1
85531,1
165184,1
45358,1
55015,1
130648,1
32516,1
145390,1
16957,1
133421,1
78170,1
73264,1
14238,1
110054,1
203004,1
146347,1
152742,1
41164,1
173559,1
201511,1
184196,1
92012,1
26007,1
130402,1
153860,1
88932,1
156080,1
48625,1
15602,1
116812,1
203098,1
107864,1
190138,1
16571,1
58880,1
196971,1
190671,1
199213,1
14629,1
109205,1
4798,1
94577,1
65018,1
148657,1
41655,1
10812,1
155331,1
195597,1
22754,1
189834,1
150956,1
116130,1
123132,1
78216,1
10125,1
2,1
117362,1
111638,1
107737,1
182489,1
145371,1
38425,1
33902,1
116136,1
196719,1
155075,1
138870,1
150919,1
17986,1
179038,1
129247,1
57643,1
194408,1
67133,1
15126,1
203752,1
119985,1
107190,1
167823,1
27355,1
17277,1
15885,1
146183,1
174988,1
92147,1
205414,1
62825,1
46542,1
54693,1
157888,1
40878,1
90713,1
108956,1
114333,1
139208,1
174233,1
144812,1
184308,1
14956,1
45035,1
51977,1
37547,1
181184,1
13322,1
64932,1
10380,1
129286,1
147571,1
165470,1
115415,1
199562,1
47950,1
37383,1
86042,1
12508,1
133326,1
200503,1
115896,1
197207,1
136179,1
196592,1
156871,1
139150,1
75524,1
16525,1
105505,1
153088,1
70634,1
60076,1
56789,1
175865,1
88986,1
179031,1
109410,1
161923,1
123876,1
11242,1
51644,1
89569,1
62221,1
83791,1
131771,1
113538,1
204912,1
38881,1
101897,1
108259,1
148440,1
113746,1
118046,1
134263,1
155579,1
153701,1
121322,1
37405,1
39489,1
15828,1
166417,1
103338,1
98013,1
159297,1
15003,1
192520,1
175056,1
186350,1
178981,1
160730,1
33171,1
70179,1
90914,1
170890,1
32819,1
126036,1
34836,1
137911,1
107767,1
54968,1
197890,1
123226,1
172252,1
11902,1
171048,1
165229,1
203289,1
162372,1
124999,1
166487,1
52752,1
169483,1
152247,1
49493,1
157435,1
31981,1
117626,1
36643,1
39639,1
178511,1
153224,1
189992,1
116022,1
50033,1
189102,1
195405,1
146244,1
26626,1
202287,1
188033,1
17287,1
169767,1
175846,1
6501,1
50014,1
134923,1
21121,1
174499,1
168496,1
77122,1
111501,1
195871,1
59408,1
151910,1
98827,1
64624,1
44039,1
180107,1
78334,1
13316,1
168126,1
175114,1
60638,1
205103,1
52672,1
89502,1
33895,1
151671,1
73033,1
172908,1
64885,1
39869,1
88463,1
134472,1
142750,1
101663,1
71384,1
41045,1
59384,1
145261,1
170081,1
34998,1
190230,1
155209,1
143120,1
95308,1
84630,1
124481,1
42302,1
35197,1
908,1
136542,1
64000,1
25442,1
194046,1
98605,1
62226,1
143440,1
20410,1
61895,1
57335,1
155539,1
20111,1
39373,1
193746,1
17653,1
143056,1
12417,1
125550,1
107162,1
151928,1
163702,1
112727,1
180667,1
149119,1
24952,1
70467,1
170356,1
121001,1
187717,1
38279,1
97783,1
62201,1
19928,1
63901,1
146247,1
43920,1
200483,1
184805,1
127083,1
54449,1
97554,1
85960,1
47526,1
75452,1
94854,1
22682,1
71827,1
30933,1
154248,1
2235,1
159121,1
11232,1
170770,1
118307,1
147243,1
165806,1
104185,1
104985,1
43883,1
131094,1
11882,1
182563,1
35401,1
106866,1
189568,1
155661,1
118615,1
41299,1
81458,1
78639,1
96154,1
69782,1
30135,1
154781,1
80615,1
26376,1
71841,1
191759,1
8080,1
142151,1
120036,1
136326,1
163461,1
201611,1
105782,1
57412,1
169835,1
130224,1
100900,1
35388,1
157059,1
140492,1
101697,1
126253,1
23721,1
112809,1
88081,1
43114,1
187060,1
60277,1
150684,1
107525,1
101440,1
22529,1
24903,1
118880,1
28478,1
100785,1
67293,1
80910,1
35141,1
163606,1
191747,1
14354,1
26998,1
147421,1
120827,1
79373,1
121783,1
9647,1
83303,1
155591,1
198906,1
26899,1
203833,1
77982,1
202188,1
125361,1
140144,1
109382,1
8372,1
65047,1
188744,1
8325,1
151383,1
114763,1
51112,1
141310,1
63061,1
140971,1
4761,1
111513,1
116385,1
204819,1
48802,1
56864,1
145081,1
172241,1
130996,1
193038,1
62453,1
98367,1
167500,1
111205,1
13816,1
186218,1
80088,1
42260,1
10376,1
48407,1
137229,1
43207,1
180187,1
89299,1
183533,1
165923,1
92321,1
44748,1
47261,1
42050,1
86797,1
54412,1
67061,1
109838,1
102330,1
180130,1
135944,1
135002,1
172614,1
183441,1
875,1
115745,1
197114,1
60754,1
109334,1
30767,1
94826,1
198902,1
80393,1
125191,1
161317,1
59616,1
115506,1
116094,1
125404,1
61202,1
128809,1
64927,1
96879,1
124350,1
48745,1
148171,1
176108,1
175059,1
89594,1
141711,1
107085,1
40995,1
192521,1
196349,1
39622,1
97607,1
139044,1
99949,1
1451,1
204966,1
164082,1
145297,1
71361,1
198122,1
108557,1
15618,1
63903,1
136279,1
6269,1
7590,1
143289,1
85627,1
198536,1
198978,1
192631,1
174156,1
61151,1
162485,1
141862,1
89660,1
85103,1
97254,1
111050,1
94329,1
162455,1
108446,1
115759,1
55854,1
36758,1
31830,1
156114,1
73797,1
152213,1
151803,1
88655,1
48434,1
187707,1
9345,1
75164,1
140454,1
88859,1
32284,1
23572,1
11913,1
137436,1
119775,1
178399,1
157786,1
176609,1
4772,1
12044,1
159745,1
34847,1
67389,1
177483,1
109143,1
68666,1
49960,1
130359,1
100933,1
188883,1
98387,1
178784,1
88502,1
21000,1
63562,1
101341,1
58796,1
67762,1
170771,1
12090,1
143256,1
107568,1
152657,1
35500,1
117612,1
131152,1
37898,1
132694,1
130943,1
126996,1
18161,1
145239,1
71393,1
179414,1
139696,1
76246,1
35209,1
73255,1
14745,1
101912,1
191885,1
66854,1
204979,1
195203,1
138351,1
139476,1
136178,1
151511,1
174901,1
152078,1
124545,1
90932,1
13968,1
83235,1
43584,1
155322,1
10269,1
48436,1
126600,1
200156,1
168561,1
133992,1
24830,1
85223,1
1414,1
165455,1
97390,1
120972,1
173808,1
96781,1
16292,1
59341,1
190702,1
67140,1
175796,1
50614,1
143226,1
94998,1
110998,1
112997,1
142870,1
27475,1
18707,1
132121,1
75996,1
5763,1
130558,1
37307,1
100295,1
193513,1
197200,1
143319,1
201654,1
8937,1
17406,1
189410,1
63761,1
70682,1
73074,1
80530,1
187359,1
60845,1
10493,1
142410,1
83890,1
110304,1
12075,1
180008,1
135682,1
175459,1
203929,1
204930,1
75896,1
175689,1
166906,1
122163,1
147377,1
44011,1
167312,1
17671,1
164575,1
89803,1
196608,1
176773,1
15940,1
161797,1
101088,1
114837,1
27100,1
53599,1
70123,1
27806,1
120344,1
106458,1
163084,1
5504,1
146435,1
199088,1
197439,1
173488,1
186788,1
93505,1
190085,1
36247,1
63949,1
184385,1
101888,1
112061,1
147879,1
108608,1
155790,1
75099,1
176928,1
29693,1
192554,1
183797,1
164582,1
20789,1
154342,1
129592,1
13295,1
109244,1
100889,1
40672,1
168425,1
103699,1
183913,1
91537,1
15957,1
139372,1
81799,1
47377,1
19528,1
137078,1
91576,1
92337,1
7275,1
133683,1
192245,1
151955,1
133716,1
204538,1
101619,1
109239,1
139726,1
99981,1
47251,1
11025,1
139592,1
39403,1
35858,1
19872,1
130794,1
127374,1
8022,1
205635,1
30058,1
196376,1
189310,1
125022,1
101985,1
202839,1
163079,1
15403,1
115255,1
130963,1
68831,1
67391,1
47194,1
107707,1
179958,1
163686,1
165557,1
126217,1
52174,1
65229,1
191845,1
35397,1
90791,1
91334,1
69791,1
45204,1
205339,1
155392,1
174385,1
136465,1
97292,1
140637,1
62655,1
70875,1
110366,1
77922,1
67236,1
83798,1
30939,1
18628,1
151040,1
89865,1
121761,1
42000,1
14011,1
36304,1
9741,1
18884,1
176843,1
95826,1
201065,1
7874,1
86526,1
153365,1
128061,1
69848,1
161910,1
84530,1
167926,1
83899,1
188892,1
99215,1
21276,1
165382,1
198428,1
91449,1
46938,1
173409,1
1731,1
57562,1
108613,1
46929,1
58342,1
71872,1
157517,1
11597,1
42116,1
104774,1
96679,1
56351,1
88517,1
126515,1
166410,1
54032,1
143597,1
173119,1
64890,1
117462,1
152362,1
177100,1
195841,1
92232,1
113210,1
191957,1
113718,1
180673,1
75425,1
105556,1
17316,1
20174,1
49463,1
55946,1
125493,1
173691,1
149455,1
106475,1
117097,1
1365,1
92221,1
138239,1
30450,1
90797,1
134203,1
87127,1
120244,1
42869,1
196437,1
118683,1
94792,1
123164,1
137545,1
216,1
69477,1
29669,1
21726,1
47140,1
148504,1
64702,1
142771,1
124415,1
21812,1
94050,1
58658,1
130193,1
200152,1
52685,1
5584,1
172587,1
142697,1
40280,1
51602,1
120960,1
170360,1
65290,1
14428,1
136744,1
131140,1
42644,1
75769,1
46730,1
143360,1
109548,1
52951,1
206187,1
154494,1
53003,1
4181,1
191051,1
199495,1
111251,1
140837,1
134434,1
29303,1
20897,1
41859,1
144178,1
22147,1
190199,1
126163,1
89776,1
129687,1
13925,1
162773,1
147886,1
172170,1
21627,1
115509,1
180234,1
144189,1
138669,1
192413,1
90309,1
10531,1
23963,1
203498,1
68060,1
92507,1
123486,1
11965,1
123824,1
177068,1
10532,1
13636,1
5918,1
86021,1
172589,1
205657,1
135203,1
101135,1
105768,1
102291,1
102969,1
112619,1
30262,1
34176,1
197035,1
197000,1
129087,1
119886,1
179403,1
151894,1
37097,1
138937,1
42889,1
31567,1
102230,1
153273,1
110742,1
161881,1
128925,1
56572,1
20683,1
85468,1
106424,1
102085,1
187989,1
95197,1
188939,1
102868,1
131089,1
151957,1
29631,1
131139,1
91252,1
180515,1
170981,1
62490,1
69595,1
75493,1
135096,1
22917,1
27851,1
37350,1
37999,1
3895,1
136777,1
95883,1
49520,1
145144,1
172619,1
147721,1
78851,1
95304,1
36283,1
137321,1
131327,1
18329,1
97991,1
19932,1
28066,1
201862,1
60553,1
144089,1
87972,1
57704,1
168485,1
73258,1
61597,1
67110,1
30951,1
30452,1
156056,1
204567,1
194080,1
84347,1
120629,1
88114,1
10892,1
176368,1
14528,1
196512,1
75185,1
65165,1
16635,1
205791,1
120174,1
69699,1
165037,1
140583,1
103202,1
102145,1
13341,1
134266,1
163137,1
161553,1
132230,1
112329,1
156519,1
31485,1
22557,1
134801,1
121880,1
91200,1
148851,1
97073,1
118909,1
6796,1
146442,1
11426,1
146879,1
168237,1
157160,1
149362,1
187595,1
157370,1
202311,1
53054,1
132043,1
125227,1
152136,1
49941,1
158001,1
34852,1
42554,1
196414,1
52764,1
113557,1
56476,1
109849,1
203244,1
157593,1
23317,1
167138,1
81597,1
26709,1
173353,1
17991,1
10792,1
88143,1
124819,1
171945,1
154050,1
56714,1
138172,1
59133,1
38463,1
61780,1
4205,1
1199,1
87464,1
62400,1
139926,1
33480,1
113262,1
95912,1
49688,1
157971,1
168125,1
31979,1
144958,1
69128,1
159350,1
3380,1
68392,1
13426,1
79702,1
89913,1
155574,1
3871,1
42370,1
193669,1
82499,1
961,1
28347,1
170025,1
137029,1
132858,1
71561,1
8117,1
193620,1
172032,1
45267,1
46664,1
51343,1
87183,1
129412,1
13725,1
205564,1
15396,1
182898,1
77019,1
90775,1
107383,1
22214,1
27451,1
142468,1
4020,1
128586,1
196331,1
127882,1
68458,1
169091,1
125806,1
40826,1
173774,1
198272,1
47912,1
155265,1
177852,1
187263,1
152107,1
199532,1
15191,1
165372,1
80655,1
44891,1
92354,1
100498,1
151752,1
45701,1
199698,1
160872,1
4477,1
158948,1
1577,1
24811,1
14156,1
144771,1
8280,1
190212,1
73247,1
148995,1
153175,1
48526,1
178696,1
198848,1
178724,1
147140,1
200198,1
121786,1
86065,1
117840,1
105023,1
167073,1
134613,1
186975,1
101603,1
543,1
108912,1
200872,1
205827,1
164611,1
61316,1
196217,1
116249,1
138349,1
48236,1
29513,1
68661,1
196503,1
144445,1
126270,1
111588,1
141150,1
177811,1
75981,1
133459,1
183623,1
132232,1
128979,1
25554,1
124880,1
168204,1
94480,1
42310,1
6857,1
42479,1
27907,1
68055,1
175899,1
160354,1
140983,1
138889,1
52033,1
137875,1
158910,1
60800,1
175289,1
77007,1
68226,1
109645,1
132521,1
22642,1
29114,1
103447,1
26588,1
160445,1
61674,1
205627,1
146127,1
170783,1
161465,1
163016,1
55517,1
143370,1
186812,1
46738,1
23861,1
54359,1
13995,1
33250,1
38029,1
197635,1
173589,1
140993,1
122438,1
185195,1
135683,1
172445,1
14611,1
59092,1
132893,1
185076,1
130694,1
195087,1
79032,1
20309,1
179133,1
146262,1
4923,1
130822,1
202983,1
140301,1
43181,1
167936,1
72167,1
4673,1
99443,1
157913,1
149649,1
75646,1
56335,1
149780,1
129195,1
75821,1
4635,1
144743,1
173923,1
60427,1
164404,1
99032,1
174042,1
169083,1
164372,1
42568,1
84012,1
170589,1
198311,1
130795,1
179119,1
184915,1
191249,1
86810,1
161907,1
179142,1
84398,1
83686,1
6438,1
41102,1
150704,1
185038,1
154231,1
190658,1
48327,1
165432,1
156156,1
154097,1
180528,1
38439,1
45039,1
173236,1
88266,1
152665,1
12963,1
20254,1
61779,1
201158,1
190397,1
17868,1
153802,1
4523,1
107626,1
61561,1
77245,1
138175,1
139587,1
160130,1
137400,1
131758,1
198644,1
143409,1
117539,1
22050,1
28328,1
18350,1
8015,1
103495,1
192055,1
148400,1
138260,1
139751,1
100446,1
197946,1
96644,1
117306,1
185493,1
154648,1
118865,1
145931,1
57737,1
100254,1
122811,1
179568,1
114686,1
104399,1
142070,1
174574,1
116700,1
17724,1
79640,1
78767,1
102768,1
9567,1
25566,1
173280,1
68006,1
43210,1
199947,1
9876,1
137033,1
162983,1
138524,1
138571,1
48575,1
42108,1
186724,1
108339,1
136854,1
194149,1
162620,1
180392,1
105675,1
179433,1
190033,1
163770,1
62788,1
196705,1
138087,1
94124,1
118009,1
103944,1
5433,1
155060,1
21669,1
106263,1
74164,1
28626,1
203196,1
77043,1
67070,1
180668,1
150976,1
119151,1
197958,1
124245,1
177198,1
81510,1
17104,1
8956,1
50540,1
58033,1
151328,1
7392,1
100887,1
186090,1
156997,1
103468,1
50349,1
69292,1
93234,1
108396,1
188712,1
140675,1
203441,1
121816,1
111535,1
46926,1
77962,1
10580,1
94700,1
172803,1
89009,1
134226,1
27811,1
80410,1
121162,1
47335,1
26525,1
6398,1
66569,1
181842,1
37508,1
20722,1
64210,1
1479,1
137230,1
32763,1
43391,1
125236,1
182430,1
83537,1
60908,1
25297,1
70190,1
35439,1
54168,1
14546,1
102099,1
184879,1
97465,1
183721,1
4203,1
68527,1
62266,1
86103,1
134877,1
141184,1
72906,1
168020,1
1395,1
115921,1
35107,1
182374,1
56971,1
138810,1
195140,1
126569,1
169132,1
27848,1
124818,1
91014,1
204918,1
195444,1
36902,1
79931,1
196294,1
25047,1
71503,1
148369,1
43601,1
40572,1
123714,1
28776,1
174351,1
147017,1
159546,1
61107,1
55571,1
106914,1
167639,1
74120,1
136355,1
2726,1
119270,1
112356,1
205260,1
162519,1
95780,1
147170,1
10238,1
123797,1
44969,1
48623,1
32874,1
58518,1
199564,1
168415,1
136562,1
91709,1
59376,1
55247,1
196033,1
201150,1
20305,1
187536,1
71030,1
169819,1
132863,1
127230,1
199780,1
132376,1
175645,1
60418,1
182769,1
196466,1
187898,1
118859,1
90455,1
102035,1
288,1
71354,1
32088,1
96785,1
103294,1
133186,1
173521,1
176116,1
7053,1
17447,1
40575,1
161748,1
121959,1
199149,1
37568,1
200476,1
120525,1
25560,1
16956,1
67043,1
89954,1
148971,1
52627,1
80049,1
98050,1
86887,1
31418,1
145166,1
152125,1
124516,1
193080,1
129802,1
111435,1
48621,1
27525,1
61183,1
88168,1
115238,1
109214,1
172272,1
49331,1
39830,1
149216,1
65739,1
67940,1
106528,1
106601,1
168960,1
23174,1
109759,1
33393,1
164294,1
33532,1
38784,1
59424,1
66230,1
158023,1
32919,1
57811,1
124650,1
30648,1
143554,1
170425,1
79065,1
151292,1
113506,1
196163,1
31943,1
198889,1
77881,1
192759,1
195039,1
198930,1
145765,1
36419,1
139649,1
66704,1
95023,1
156666,1
180822,1
193751,1
144195,1
117930,1
159571,1
112388,1
93296,1
63622,1
97275,1
191452,1
52166,1
79111,1
75516,1
177926,1
53415,1
138266,1
45131,1
190848,1
169516,1
25793,1
187672,1
153531,1
129545,1
102699,1
69692,1
167688,1
192403,1
39081,1
60031,1
132141,1
132765,1
178794,1
125779,1
10017,1
88705,1
115803,1
86964,1
191699,1
182999,1
22085,1
40095,1
45818,1
84324,1
15921,1
11655,1
121088,1
97538,1
197884,1
135066,1
43831,1
190152,1
153418,1
128460,1
46529,1
47819,1
189909,1
33281,1
72070,1
182529,1
65144,1
158878,1
18324,1
138305,1
46167,1
197581,1
144781,1
57462,1
122500,1
56514,1
25505,1
42922,1
181173,1
173981,1
27760,1
10511,1
133438,1
65212,1
160074,1
34509,1
47734,1
44529,1
100423,1
89465,1
19910,1
41204,1
129791,1
136391,1
2742,1
63715,1
113716,1
183462,1
146014,1
93577,1
90204,1
191324,1
192260,1
25733,1
84441,1
137576,1
121706,1
115585,1
196537,1
13260,1
3318,1
148200,1
31745,1
88256,1
135372,1
42641,1
32732,1
148075,1
111347,1
3399,1
60279,1
169441,1
101407,1
5374,1
157905,1
140021,1
4296,1
141273,1
2154,1
150951,1
164858,1
147165,1
144822,1
100710,1
24899,1
158326,1
186295,1
64660,1
65183,1
104226,1
94768,1
41770,1
154844,1
109639,1
86579,1
2184,1
133278,1
108937,1
186889,1
191937,1
194367,1
60231,1
62396,1
39060,1
188414,1
163066,1
14658,1
140162,1
171613,1
98508,1
145315,1
163127,1
30545,1
102448,1
39763,1
9852,1
33709,1
133715,1
31516,1
78362,1
77380,1
194528,1
202998,1
93334,1
57806,1
128335,1
131301,1
140374,1
63735,1
113418,1
99307,1
51455,1
63954,1
119620,1
96577,1
100788,1
188534,1
49165,1
165822,1
62446,1
193315,1
15212,1
115417,1
64983,1
186880,1
76948,1
36445,1
117798,1
92028,1
50376,1
101154,1
128006,1
122396,1
92179,1
12012,1
115580,1
2900,1
193351,1
156488,1
201847,1
120338,1
98997,1
9619,1
98456,1
38953,1
114822,1
39191,1
92556,1
294,1
139856,1
204035,1
179449,1
202960,1
44571,1
188004,1
95205,1
125254,1
151129,1
28087,1
164448,1
130234,1
153387,1
88076,1
116184,1
161578,1
156583,1
189238,1
43857,1
156105,1
185488,1
142071,1
122554,1
89158,1
145526,1
169576,1
124242,1
184027,1
53123,1
160148,1
137428,1
137548,1
159065,1
54054,1
132434,1
34603,1
148176,1
162139,1
54899,1
42571,1
16694,1
75727,1
3331,1
95713,1
24097,1
28271,1
198195,1
110715,1
68834,1
11634,1
32470,1
119652,1
146411,1
205309,1
123917,1
112569,1
174687,1
191733,1
165492,1
58546,1
64683,1
170725,1
101818,1
77558,1
115359,1
29276,1
76956,1
74297,1
164504,1
155927,1
65735,1
144495,1
130754,1
139899,1
189315,1
200648,1
204037,1
164326,1
42858,1
54920,1
106731,1
72586,1
178697,1
68808,1
123133,1
194394,1
133587,1
159434,1
103705,1
155358,1
178277,1
66784,1
147772,1
160250,1
71923,1
165310,1
110826,1
120099,1
81801,1
158481,1
96534,1
127031,1
67545,1
188887,1
39522,1
61938,1
156148,1
44369,1
72663,1
117508,1
151858,1
9031,1
13573,1
61208,1
90703,1
174668,1
84234,1
36050,1
86758,1
15295,1
106367,1
171595,1
52517,1
4991,1
100678,1
100130,1
204490,1
92860,1
21564,1
13536,1
148818,1
64169,1
35774,1
174459,1
146746,1
176176,1
200321,1
8989,1
126033,1
110797,1
443,1
115793,1
12868,1
192829,1
78739,1
169519,1
183166,1
40435,1
94996,1
25701,1
55048,1
118248,1
199881,1
87699,1
77503,1
105815,1
98608,1
124381,1
181554,1
21295,1
204240,1
100856,1
127021,1
148850,1
92242,1
61541,1
21985,1
89823,1
29557,1
50065,1
119639,1
138664,1
57013,1
178582,1
44883,1
126939,1
122532,1
3953,1
199694,1
189293,1
14034,1
158124,1
115519,1
112067,1
107412,1
12454,1
59578,1
7581,1
83559,1
197429,1
171431,1
67779,1
135539,1
126082,1
183878,1
127930,1
178178,1
150930,1
80046,1
29258,1
148742,1
77389,1
15590,1
94086,1
114198,1
68693,1
109238,1
97345,1
172978,1
144458,1
87897,1
44866,1
143242,1
13915,1
28396,1
166247,1
27775,1
136710,1
179593,1
206003,1
73392,1
134371,1
89358,1
195338,1
118643,1
78466,1
43897,1
128769,1
133946,1
149819,1
180348,1
44914,1
60329,1
148368,1
70551,1
176562,1
111825,1
177089,1
195418,1
112136,1
186335,1
68211,1
47792,1
145379,1
22592,1
172305,1
71696,1
116513,1
120857,1
128652,1
100776,1
173813,1
142293,1
23538,1
151698,1
144754,1
143789,1
167259,1
17047,1
2094,1
161239,1
75145,1
131477,1
175024,1
180251,1
104329,1
155401,1
74349,1
14493,1
30464,1
14464,1
163292,1
197724,1
473,1
91424,1
146768,1
92957,1
134492,1
13591,1
190392,1
129494,1
111186,1
187079,1
59191,1
94098,1
102336,1
130583,1
30440,1
33684,1
46404,1
147167,1
108039,1
162919,1
20716,1
152871,1
93622,1
34548,1
182894,1
30098,1
194477,1
109710,1
129178,1
176655,1
100068,1
53591,1
50460,1
59637,1
54947,1
28360,1
121993,1
87323,1
159519,1
45290,1
152661,1
29684,1
176365,1
153773,1
199488,1
101496,1
112326,1
203536,1
173411,1
183229,1
152295,1
38215,1
196692,1
186066,1
189541,1
59938,1
85836,1
107661,1
29929,1
121507,1
124634,1
134320,1
165311,1
195556,1
130296,1
50128,1
167914,1
20290,1
66411,1
153630,1
58239,1
174356,1
115433,1
49803,1
143164,1
118328,1
166117,1
1601,1
141604,1
97144,1
56000,1
77877,1
130268,1
124264,1
165664,1
93418,1
81140,1
107875,1
14949,1
76961,1
106399,1
104540,1
71894,1
117900,1
200962,1
20433,1
177334,1
111549,1
141640,1
125881,1
115391,1
72810,1
17446,1
145021,1
145053,1
100387,1
47130,1
119683,1
75160,1
200054,1
203379,1
83081,1
47236,1
52208,1
170728,1
172491,1
15954,1
75980,1
190805,1
18356,1
36833,1
24110,1
44476,1
204111,1
205104,1
124115,1
152627,1
154167,1
63292,1
165577,1
122214,1
167376,1
150743,1
16766,1
72533,1
120160,1
95847,1
82331,1
118343,1
142576,1
142161,1
74447,1
18143,1
87254,1
119500,1
67199,1
75773,1
60566,1
74234,1
199400,1
78925,1
87713,1
82742,1
187875,1
96581,1
90711,1
90572,1
168738,1
111181,1
127074,1
172125,1
192772,1
24084,1
33546,1
130182,1
128114,1
117039,1
203763,1
92871,1
150237,1
62196,1
5060,1
61510,1
82049,1
188042,1
27794,1
72698,1
175172,1
130010,1
24247,1
34186,1
86428,1
103066,1
199953,1
176648,1
110772,1
194273,1
23592,1
156082,1
39576,1
99220,1
48265,1
77860,1
23428,1
40511,1
83817,1
128469,1
161978,1
13278,1
31865,1
102292,1
104251,1
203418,1
116279,1
113677,1
185008,1
199432,1
167990,1
139331,1
160221,1
15792,1
55061,1
133603,1
165418,1
82006,1
166354,1
81038,1
122045,1
127007,1
4419,1
5676,1
44162,1
185903,1
38197,1
58673,1
205141,1
855,1
94097,1
100469,1
112307,1
61716,1
51435,1
5894,1
159765,1
93302,1
128669,1
144646,1
203192,1
39078,1
86484,1
118404,1
109425,1
132595,1
176590,1
97849,1
34293,1
86150,1
67258,1
136981,1
97946,1
55657,1
895,1
159551,1
87702,1
37228,1
33088,1
79256,1
75156,1
84102,1
31112,1
90534,1
164024,1
108061,1
57793,1
69655,1
151740,1
53592,1
151667,1
78004,1
188988,1
159483,1
88588,1
183445,1
125425,1
178950,1
166256,1
199289,1
173900,1
146372,1
78394,1
87207,1
117863,1
104294,1
64209,1
5285,1
104434,1
99479,1
32287,1
39385,1
39857,1
126157,1
138990,1
3567,1
195614,1
128898,1
167655,1
27799,1
2738,1
16382,1
168350,1
81546,1
61194,1
175194,1
7077,1
93394,1
135993,1
20717,1
57850,1
4414,1
95605,1
77485,1
62284,1
98975,1
89537,1
101007,1
56550,1
192881,1
153002,1
83088,1
101552,1
180038,1
79458,1
38896,1
165696,1
107359,1
122626,1
126449,1
162276,1
32295,1
196623,1
153323,1
145208,1
100626,1
135365,1
8657,1
193326,1
116288,1
33227,1
67260,1
21947,1
82858,1
44103,1
159244,1
105794,1
88580,1
193755,1
132758,1
22430,1
149495,1
126954,1
72451,1
50144,1
79831,1
101683,1
10824,1
163555,1
174310,1
169753,1
20530,1
7915,1
85513,1
181274,1
134288,1
182094,1
15575,1
113931,1
13620,1
57272,1
204589,1
125793,1
203119,1
123066,1
38549,1
193789,1
187275,1
117561,1
170288,1
151489,1
56518,1
78824,1
121437,1
67371,1
167423,1
143647,1
19481,1
70092,1
88632,1
132749,1
204196,1
74484,1
198436,1
82786,1
141758,1
116911,1
27641,1
13624,1
53478,1
75663,1
201533,1
73116,1
155353,1
88533,1
17349,1
80702,1
117262,1
132725,1
133208,1
140444,1
84631,1
103419,1
49926,1
199874,1
176409,1
67255,1
122593,1
154870,1
97977,1
41904,1
155632,1
116933,1
79418,1
67770,1
126426,1
110094,1
198946,1
126019,1
112792,1
165983,1
61059,1
76395,1
384,1
88406,1
158632,1
38752,1
198214,1
47318,1
27121,1
162044,1
119878,1
139706,1
92331,1
198176,1
198821,1
65085,1
72166,1
35120,1
135354,1
172217,1
169047,1
45604,1
94981,1
36413,1
122064,1
1614,1
58376,1
165165,1
84367,1
74676,1
181091,1
164186,1
25660,1
19876,1
8027,1
171666,1
175513,1
168033,1
6460,1
52457,1
5143,1
196810,1
110981,1
2983,1
130026,1
85336,1
78411,1
71080,1
81069,1
40183,1
117349,1
71971,1
119422,1
199867,1
136231,1
100202,1
127282,1
177694,1
59005,1
80070,1
27526,1
41435,1
176400,1
65133,1
101142,1
153254,1
132334,1
47440,1
151358,1
42160,1
194088,1
54041,1
91373,1
6329,1
27717,1
89712,1
193993,1
58128,1
126948,1
123344,1
16032,1
98883,1
16198,1
1918,1
151045,1
202505,1
91335,1
136055,1
180839,1
44230,1
106740,1
63444,1
1591,1
170161,1
2832,1
200210,1
16794,1
37594,1
121420,1
117272,1
149580,1
14834,1
171091,1
146801,1
125166,1
77147,1
53836,1
37196,1
46251,1
98188,1
177332,1
81577,1
40864,1
74642,1
171166,1
132036,1
152160,1
121091,1
204802,1
70656,1
204141,1
188423,1
3873,1
140719,1
178128,1
193900,1
14318,1
76930,1
73545,1
166734,1
140397,1
22703,1
198517,1
141542,1
171086,1
95731,1
187098,1
165235,1
57464,1
197544,1
84570,1
490,1
156975,1
205894,1
106576,1
40046,1
52089,1
120339,1
65650,1
84702,1
193023,1
144479,1
87247,1
41583,1
118104,1
8115,1
64409,1
97479,1
6386,1
157976,1
64662,1
171896,1
152232,1
94952,1
119755,1
163113,1
167501,1
177074,1
1157,1
94677,1
201939,1
147810,1
54474,1
5133,1
14759,1
172802,1
72543,1
97399,1
88261,1
65948,1
142532,1
95295,1
111917,1
22692,1
5946,1
33225,1
67835,1
74557,1
57766,1
113872,1
55182,1
10030,1
142934,1
7585,1
154172,1
71200,1
117291,1
53062,1
88524,1
107937,1
159285,1
195761,1
157121,1
19325,1
11747,1
116715,1
93112,1
27487,1
158985,1
139758,1
7401,1
138512,1
59250,1
139805,1
193867,1
146073,1
77786,1
125766,1
28233,1
169582,1
107660,1
71086,1
175882,1
158255,1
187747,1
91561,1
185327,1
16299,1
133511,1
88909,1
9264,1
123082,1
35918,1
119557,1
199941,1
48136,1
87355,1
39111,1
146842,1
180231,1
73666,1
118515,1
33593,1
141757,1
143854,1
68019,1
56118,1
18933,1
184197,1
22417,1
100738,1
68587,1
91603,1
167133,1
192393,1
184768,1
94453,1
9556,1
76653,1
76616,1
162498,1
98442,1
179141,1
190213,1
99707,1
30704,1
169693,1
29798,1
88793,1
110104,1
22658,1
125516,1
22596,1
129164,1
51479,1
87731,1
168270,1
34277,1
119504,1
145520,1
179029,1
125780,1
94890,1
50449,1
125936,1
57685,1
29362,1
123728,1
44778,1
47282,1
26849,1
26663,1
8076,1
191857,1
1467,1
126984,1
84600,1
149039,1
156222,1
55832,1
6865,1
176529,1
110950,1
120171,1
141902,1
189517,1
122594,1
148976,1
22381,1
15767,1
185850,1
184077,1
17963,1
28230,1
162868,1
78262,1
82668,1
192457,1
77552,1
164112,1
36717,1
23150,1
82787,1
4838,1
2534,1
57240,1
154951,1
55425,1
20245,1
202036,1
25561,1
178150,1
8074,1
110738,1
18677,1
138691,1
27943,1
151477,1
58769,1
128015,1
188242,1
138794,1
71476,1
8724,1
115047,1
41481,1
139645,1
117146,1
39721,1
114805,1
165385,1
60235,1
152683,1
164577,1
184039,1
101232,1
39467,1
46398,1
111187,1
50178,1
34308,1
97616,1
160364,1
191121,1
160426,1
64623,1
198704,1
138909,1
24054,1
127926,1
110547,1
27491,1
201283,1
2897,1
186445,1
132632,1
87452,1
91550,1
147339,1
193453,1
76083,1
159958,1
179585,1
29393,1
80676,1
194885,1
55308,1
199085,1
83562,1
188996,1
159077,1
22508,1
70570,1
117548,1
50180,1
127629,1
37393,1
144060,1
18699,1
9048,1
179472,1
80538,1
13335,1
22159,1
84673,1
177636,1
10899,1
13011,1
193804,1
16442,1
180964,1
148510,1
97775,1
10605,1
86232,1
94697,1
44080,1
156081,1
70460,1
80142,1
89733,1
53117,1
136386,1
57752,1
123302,1
78756,1
184123,1
13751,1
66463,1
133572,1
155236,1
119784,1
112529,1
162826,1
106960,1
20367,1
119559,1
155025,1
39801,1
133828,1
117411,1
137611,1
96778,1
109278,1
6115,1
20070,1
77321,1
131883,1
175916,1
50948,1
62576,1
78747,1
177135,1
202373,1
87079,1
153371,1
153595,1
85277,1
161284,1
75017,1
21700,1
49261,1
187664,1
137227,1
71441,1
193763,1
43732,1
60791,1
140544,1
84171,1
170654,1
109043,1
118428,1
127896,1
84636,1
74966,1
136583,1
193963,1
119280,1
118729,1
87041,1
46611,1
108424,1
127648,1
108471,1
51894,1
98345,1
134179,1
4945,1
159259,1
97487,1
45505,1
124037,1
182747,1
174732,1
23088,1
149513,1
69656,1
63971,1
45753,1
149553,1
101699,1
72215,1
72138,1
122560,1
147449,1
74454,1
22496,1
9864,1
204613,1
70417,1
161785,1
25184,1
165989,1
80051,1
150137,1
178412,1
168852,1
13417,1
162403,1
184242,1
46121,1
190907,1
115488,1
133473,1
80213,1
200287,1
52814,1
61440,1
56958,1
196249,1
75692,1
114191,1
37250,1
72439,1
57034,1
202431,1
200313,1
106307,1
42538,1
108585,1
33792,1
190239,1
118389,1
40446,1
2814,1
154855,1
195386,1
197360,1
108458,1
168848,1
41613,1
33511,1
185700,1
13475,1
8838,1
28697,1
104984,1
63333,1
31539,1
98586,1
92711,1
177275,1
24448,1
44472,1
166091,1
149532,1
3736,1
40820,1
108048,1
64357,1
129185,1
40249,1
163894,1
79552,1
66897,1
147526,1
134479,1
155486,1
73485,1
105913,1
89544,1
26016,1
176217,1
180287,1
41534,1
150437,1
98817,1
182454,1
178694,1
189806,1
67295,1
170741,1
1321,1
3213,1
55751,1
9606,1
118652,1
11142,1
185298,1
134889,1
75285,1
126563,1
200887,1
6272,1
65360,1
29632,1
126000,1
104509,1
180387,1
137879,1
146973,1
151890,1
158272,1
64348,1
61945,1
184222,1
142838,1
25381,1
161018,1
35184,1
39736,1
183481,1
74855,1
140518,1
24514,1
154593,1
15288,1
177704,1
12689,1
23925,1
131184,1
179675,1
200523,1
68178,1
16042,1
140605,1
63364,1
6591,1
110800,1
136227,1
68966,1
26435,1
76812,1
82410,1
19606,1
158966,1
32283,1
167354,1
73426,1
108324,1
80610,1
134352,1
144678,1
165087,1
107010,1
162183,1
70290,1
59432,1
142117,1
200352,1
54197,1
66079,1
96168,1
105647,1
13153,1
106543,1
82625,1
96889,1
152596,1
105319,1
23740,1
98293,1
127105,1
42914,1
191849,1
63786,1
153438,1
14860,1
156823,1
96876,1
84435,1
142215,1
41598,1
45342,1
50949,1
152979,1
201087,1
127408,1
4478,1
77026,1
145108,1
22303,1
174806,1
60187,1
155879,1
6944,1
92293,1
81834,1
7550,1
27203,1
183164,1
116735,1
11863,1
83053,1
41890,1
28856,1
91897,1
108900,1
181880,1
185310,1
4896,1
181333,1
108817,1
90807,1
103063,1
72341,1
41118,1
51315,1
202936,1
154881,1
93707,1
81861,1
58247,1
153417,1
69086,1
59820,1
148878,1
201772,1
127010,1
122837,1
125526,1
75352,1
45265,1
169343,1
77576,1
128856,1
196851,1
202708,1
136382,1
123412,1
198026,1
205644,1
51,1
190006,1
89118,1
19235,1
115075,1
51601,1
5174,1
63947,1
32750,1
112817,1
122945,1
119508,1
100998,1
108407,1
128939,1
92204,1
117066,1
92574,1
6960,1
31269,1
193579,1
11324,1
185968,1
42878,1
148975,1
164569,1
150897,1
179960,1
35787,1
50254,1
24258,1
21352,1
2112,1
158961,1
191546,1
62435,1
34914,1
22045,1
48704,1
23386,1
167019,1
140717,1
132985,1
159654,1
160529,1
177421,1
102601,1
157693,1
20154,1
147850,1
132423,1
2211,1
128120,1
37051,1
93249,1
77660,1
143496,1
160681,1
124262,1
57775,1
201877,1
125923,1
130715,1
199727,1
69932,1
153059,1
175632,1
164571,1
57572,1
116509,1
87234,1
184998,1
179740,1
164483,1
116948,1
79632,1
127826,1
107564,1
99203,1
154766,1
146558,1
127940,1
123634,1
147918,1
119507,1
172729,1
82867,1
88103,1
205829,1
125396,1
88758,1
137735,1
140287,1
49055,1
200036,1
35490,1
192698,1
26186,1
95201,1
132068,1
5888,1
155326,1
167050,1
36448,1
159989,1
55441,1
99589,1
112806,1
143626,1
183875,1
63350,1
142205,1
3447,1
195326,1
100278,1
201497,1
194693,1
98455,1
192902,1
11835,1
171285,1
52838,1
129532,1
196983,1
22096,1
108049,1
140335,1
203915,1
107331,1
15577,1
61204,1
41873,1
24574,1
35115,1
37570,1
19868,1
159977,1
108661,1
176531,1
81598,1
123381,1
181202,1
69587,1
197125,1
82508,1
171998,1
78982,1
33854,1
170164,1
81375,1
23171,1
50487,1
97112,1
154983,1
178675,1
195018,1
112570,1
162650,1
178420,1
89902,1
163486,1
19315,1
1686,1
34785,1
187332,1
3967,1
56949,1
177625,1
3706,1
16451,1
146398,1
104420,1
162735,1
133340,1
97577,1
160320,1
103001,1
139768,1
159039,1
63730,1
27122,1
137739,1
5354,1
331,1
171399,1
193231,1
24255,1
121302,1
82594,1
18678,1
2331,1
45144,1
145782,1
149674,1
119099,1
55239,1
26424,1
119004,1
15243,1
117947,1
158944,1
189219,1
140299,1
106303,1
180999,1
202673,1
197745,1
49799,1
75405,1
129191,1
127801,1
183632,1
205011,1
72058,1
98286,1
57730,1
145563,1
19817,1
151763,1
48982,1
170801,1
140872,1
193302,1
6629,1
190961,1
189829,1
119875,1
32222,1
50412,1
180844,1
45758,1
147560,1
89772,1
133054,1
5388,1
4206,1
154249,1
106493,1
85584,1
49228,1
146530,1
182843,1
166833,1
66689,1
79331,1
188321,1
51012,1
63935,1
132258,1
42181,1
129976,1
85037,1
75621,1
1462,1
78006,1
28119,1
45936,1
194574,1
51795,1
85311,1
182993,1
45036,1
38365,1
12712,1
83160,1
87862,1
172585,1
139508,1
87840,1
27782,1
175276,1
116656,1
201823,1
177261,1
55270,1
96897,1
60104,1
40711,1
166199,1
117409,1
90656,1
183458,1
159697,1
91308,1
202047,1
177208,1
195772,1
149854,1
8214,1
105267,1
76950,1
33759,1
67363,1
146443,1
100806,1
76538,1
119096,1
155383,1
107349,1
161468,1
141719,1
60463,1
188740,1
101690,1
792,1
178436,1
198931,1
31106,1
20345,1
140832,1
134249,1
202795,1
32817,1
32468,1
191484,1
52248,1
90424,1
138680,1
83687,1
198922,1
126990,1
72400,1
112117,1
180004,1
99806,1
101953,1
66269,1
187212,1
77241,1
155532,1
190100,1
137054,1
92910,1
180684,1
192921,1
79353,1
92359,1
78893,1
138342,1
187542,1
91003,1
176122,1
751,1
59529,1
116576,1
34292,1
164850,1
104432,1
55203,1
101049,1
87988,1
111397,1
178566,1
50800,1
49946,1
76000,1
24579,1
165389,1
19553,1
124739,1
159104,1
171654,1
90443,1
164437,1
10678,1
50411,1
82333,1
204591,1
76277,1
28008,1
69277,1
71115,1
195272,1
167942,1
143648,1
99536,1
155826,1
1190,1
56947,1
193533,1
39883,1
120776,1
49092,1
190746,1
123569,1
101745,1
2365,1
79339,1
94288,1
170252,1
77940,1
126482,1
167631,1
49752,1
20972,1
65095,1
132541,1
152382,1
40379,1
87939,1
2560,1
43113,1
60614,1
166820,1
80323,1
99054,1
201591,1
191282,1
202515,1
12678,1
197769,1
20152,1
53411,1
64984,1
80258,1
118435,1
34382,1
189768,1
35012,1
96702,1
124720,1
45884,1
43796,1
52687,1
83108,1
121394,1
671,1
30060,1
62769,1
30731,1
33700,1
2849,1
186540,1
160580,1
112512,1
78043,1
182452,1
197508,1
139535,1
23562,1
152304,1
143380,1
166678,1
104160,1
164217,1
28968,1
18284,1
185674,1
30213,1
89297,1
114242,1
151012,1
114693,1
194788,1
203788,1
32366,1
176430,1
171415,1
80428,1
18858,1
147226,1
80937,1
186375,1
205525,1
177925,1
20372,1
24896,1
100646,1
130706,1
24849,1
155525,1
90445,1
86477,1
169804,1
140607,1
96547,1
168043,1
184820,1
26692,1
126584,1
178589,1
196171,1
146269,1
124846,1
27056,1
125240,1
142917,1
110951,1
63213,1
147084,1
179850,1
56087,1
37531,1
15318,1
66934,1
110903,1
163843,1
21309,1
7487,1
62532,1
77482,1
84584,1
147376,1
78229,1
47316,1
101221,1
164110,1
14423,1
87987,1
53996,1
60121,1
193411,1
149734,1
61372,1
115022,1
36365,1
123757,1
187563,1
178767,1
134502,1
162847,1
145808,1
173598,1
32297,1
81435,1
174278,1
115686,1
125840,1
111353,1
31876,1
44620,1
154349,1
41916,1
72349,1
191997,1
180230,1
176520,1
169407,1
57251,1
131214,1
54253,1
148049,1
163067,1
54247,1
42318,1
193610,1
181366,1
22094,1
141180,1
150329,1
39427,1
31739,1
16976,1
170062,1
169055,1
196178,1
15409,1
104462,1
53275,1
152270,1
153429,1
89317,1
126791,1
60441,1
5418,1
111944,1
13,1
194985,1
98830,1
17799,1
193772,1
138780,1
169171,1
176469,1
15490,1
194748,1
175132,1
14775,1
3877,1
141407,1
204575,1
18047,1
9358,1
27940,1
17177,1
186565,1
38001,1
46315,1
183744,1
142051,1
161121,1
82421,1
19415,1
34070,1
138171,1
176851,1
90292,1
29158,1
163269,1
66976,1
174596,1
85548,1
137493,1
28479,1
150232,1
160823,1
10802,1
82740,1
63521,1
29698,1
4063,1
24437,1
152967,1
175567,1
60201,1
141352,1
80084,1
97084,1
67999,1
156451,1
188148,1
22605,1
130324,1
16215,1
203413,1
40689,1
56755,1
73999,1
62955,1
91219,1
100962,1
18112,1
144739,1
99807,1
137407,1
180160,1
111541,1
71042,1
167108,1
156640,1
123881,1
20861,1
179969,1
100545,1
178361,1
16994,1
45158,1
79112,1
89303,1
130081,1
56604,1
114926,1
126298,1
121917,1
167934,1
203248,1
35446,1
141872,1
103519,1
181017,1
36664,1
148495,1
198418,1
120560,1
179085,1
39729,1
87904,1
45932,1
49318,1
21864,1
152137,1
107355,1
7158,1
44437,1
144700,1
88160,1
51562,1
202065,1
186860,1
78387,1
156424,1
173102,1
118395,1
38895,1
117233,1
82334,1
151418,1
63365,1
36453,1
7265,1
193006,1
41993,1
19233,1
15325,1
158650,1
120497,1
89697,1
205284,1
67785,1
21742,1
40712,1
197920,1
99836,1
123393,1
40953,1
167064,1
28734,1
56610,1
64067,1
33731,1
7293,1
106409,1
65963,1
82982,1
52950,1
189006,1
113707,1
36635,1
34126,1
146158,1
124420,1
49278,1
188606,1
37359,1
144313,1
26661,1
121954,1
18164,1
43144,1
141666,1
119275,1
18180,1
87961,1
152954,1
58254,1
182432,1
144541,1
156200,1
112633,1
177444,1
37461,1
164124,1
139436,1
82495,1
203107,1
40749,1
118356,1
125349,1
52714,1
173648,1
191487,1
135302,1
38062,1
34576,1
62204,1
98108,1
35072,1
87829,1
146182,1
43610,1
71592,1
132884,1
124361,1
112929,1
159576,1
166493,1
53737,1
147072,1
115197,1
67914,1
92969,1
77471,1
202989,1
8683,1
126156,1
41471,1
50179,1
10598,1
140606,1
111900,1
85635,1
146131,1
147996,1
125103,1
137430,1
102399,1
42935,1
72264,1
149990,1
61609,1
44959,1
190967,1
174867,1
78239,1
164851,1
466,1
195720,1
106588,1
107507,1
140025,1
140091,1
148177,1
100641,1
11796,1
4931,1
37616,1
149606,1
187429,1
73509,1
108524,1
38427,1
83367,1
204495,1
177605,1
95106,1
78445,1
132603,1
147717,1
137405,1
83051,1
77769,1
2585,1
71597,1
44604,1
19510,1
167196,1
166925,1
72326,1
144963,1
187158,1
160903,1
140782,1
150665,1
9164,1
48280,1
88969,1
110599,1
86946,1
83685,1
19223,1
28071,1
176253,1
40590,1
120635,1
1,1
113108,1
153171,1
51893,1
153515,1
104347,1
115702,1
175802,1
199023,1
122502,1
7689,1
22455,1
151997,1
92919,1
185254,1
188937,1
40900,1
11141,1
205793,1
9017,1
76506,1
80238,1
94705,1
138979,1
77574,1
162497,1
106322,1
122524,1
130112,1
41745,1
47786,1
199338,1
104166,1
137539,1
143411,1
110688,1
144796,1
154303,1
121255,1
120235,1
113500,1
159619,1
39505,1
156689,1
149167,1
154124,1
169414,1
174024,1
126964,1
161302,1
36400,1
90783,1
184510,1
51711,1
21845,1
23544,1
141403,1
70397,1
11049,1
97894,1
21115,1
161572,1
109163,1
169523,1
193652,1
48541,1
10117,1
142616,1
97784,1
63844,1
107649,1
140112,1
157523,1
122125,1
150133,1
155224,1
41726,1
174122,1
172653,1
18984,1
47298,1
116824,1
204183,1
33831,1
57213,1
96110,1
99996,1
30565,1
153782,1
68952,1
27866,1
48766,1
79667,1
85320,1
22779,1
46189,1
95221,1
155211,1
67046,1
107947,1
164720,1
61270,1
36349,1
99131,1
161062,1
25742,1
198551,1
3595,1
83681,1
37903,1
167913,1
22111,1
111610,1
147039,1
159941,1
169925,1
155915,1
144645,1
88393,1
160015,1
206186,1
17322,1
76882,1
171215,1
133733,1
200159,1
132311,1
53352,1
204433,1
93258,1
129726,1
2639,1
29605,1
53219,1
33742,1
99586,1
160028,1
191439,1
95426,1
28082,1
135888,1
22679,1
144723,1
87937,1
29199,1
78057,1
7576,1
48752,1
92883,1
45369,1
89825,1
101210,1
148763,1
124679,1
66996,1
7443,1
100166,1
23257,1
41277,1
178760,1
63588,1
186960,1
62457,1
174100,1
117264,1
34923,1
18951,1
59697,1
81070,1
65794,1
155658,1
70509,1
50813,1
22994,1
120223,1
171523,1
156016,1
22919,1
129689,1
107246,1
85017,1
202745,1
166011,1
112107,1
83373,1
13914,1
174183,1
46308,1
133697,1
108171,1
125728,1
187444,1
106766,1
50595,1
147136,1
130403,1
26127,1
165065,1
61348,1
40031,1
125234,1
61135,1
166297,1
15574,1
64849,1
190611,1
69328,1
50231,1
5670,1
192478,1
41260,1
159456,1
197939,1
77388,1
71406,1
171452,1
110600,1
4841,1
6732,1
201557,1
154578,1
22577,1
180664,1
171866,1
134559,1
121573,1
26561,1
121063,1
68085,1
98096,1
40084,1
202762,1
203443,1
182117,1
2097,1
125592,1
102967,1
116131,1
155593,1
38560,1
117246,1
155357,1
15633,1
28263,1
159783,1
85651,1
16746,1
127478,1
73214,1
64279,1
161755,1
16598,1
144309,1
128214,1
60540,1
60339,1
117458,1
163370,1
56216,1
55625,1
64459,1
151900,1
126199,1
146099,1
133850,1
114796,1
112063,1
102226,1
146707,1
87107,1
71389,1
39256,1
86178,1
26244,1
92796,1
26628,1
29516,1
105687,1
23712,1
175410,1
160046,1
124947,1
159711,1
138229,1
21837,1
138295,1
145926,1
184918,1
78625,1
131281,1
149922,1
179789,1
193359,1
13404,1
27714,1
40691,1
80852,1
61534,1
92939,1
107053,1
203072,1
178857,1
55119,1
67657,1
32894,1
116978,1
73180,1
119635,1
144721,1
75189,1
136942,1
163368,1
123254,1
98872,1
132693,1
104109,1
86352,1
56213,1
143487,1
123014,1
170396,1
187191,1
34696,1
133507,1
21313,1
69241,1
86102,1
131372,1
40616,1
80842,1
187279,1
184677,1
168500,1
109961,1
148845,1
105042,1
142179,1
125162,1
126267,1
77238,1
134804,1
63067,1
53598,1
112140,1
100230,1
163403,1
122274,1
112891,1
118090,1
58475,1
52097,1
46355,1
89293,1
69079,1
181010,1
38733,1
72678,1
135301,1
61840,1
513,1
191492,1
41905,1
5276,1
176739,1
167616,1
11162,1
70930,1
118030,1
114006,1
17936,1
23443,1
82596,1
203684,1
117083,1
102400,1
191626,1
111387,1
104694,1
35878,1
61211,1
73972,1
58865,1
100870,1
109149,1
38264,1
127741,1
127413,1
47189,1
37403,1
104328,1
70812,1
101724,1
129468,1
91934,1
13583,1
166542,1
84474,1
76746,1
41517,1
162367,1
90588,1
59884,1
19337,1
92517,1
122083,1
38369,1
169077,1
119551,1
79343,1
63465,1
137816,1
190204,1
82257,1
95063,1
166612,1
109999,1
58209,1
189160,1
143008,1
133742,1
173139,1
56086,1
142246,1
9598,1
86194,1
153820,1
56935,1
50228,1
195591,1
118327,1
14371,1
109982,1
87475,1
63766,1
48438,1
173067,1
18695,1
1004,1
164496,1
110538,1
134124,1
132614,1
194255,1
170519,1
39271,1
112243,1
15682,1
22002,1
189828,1
59922,1
9318,1
43962,1
47559,1
165146,1
167528,1
76079,1
10120,1
161322,1
1142,1
107688,1
156420,1
143832,1
54125,1
177177,1
152196,1
145235,1
36748,1
43117,1
167260,1
74206,1
95467,1
47211,1
118986,1
98220,1
170040,1
6733,1
3937,1
77920,1
43921,1
155752,1
29924,1
37443,1
178702,1
21008,1
111255,1
67209,1
36672,1
153921,1
50041,1
121991,1
79827,1
89752,1
113926,1
199184,1
61601,1
21969,1
84037,1
17656,1
150017,1
187491,1
48576,1
117084,1
12778,1
167991,1
30394,1
166662,1
106814,1
159018,1
200583,1
183758,1
47359,1
156044,1
189056,1
160783,1
111667,1
26960,1
173125,1
181007,1
99566,1
51813,1
184208,1
169032,1
16680,1
184783,1
138921,1
204025,1
195399,1
30762,1
28046,1
138798,1
167733,1
134399,1
122179,1
102813,1
161380,1
141525,1
186574,1
84860,1
105746,1
189140,1
55050,1
178397,1
23711,1
54753,1
62009,1
115782,1
39196,1
26542,1
154686,1
94162,1
184043,1
46304,1
2067,1
130438,1
57715,1
12843,1
161722,1
76615,1
188255,1
103524,1
152757,1
142175,1
147035,1
173195,1
150575,1
130254,1
118114,1
196677,1
200919,1
201404,1
165889,1
19598,1
93697,1
10150,1
149282,1
109298,1
39820,1
176626,1
20280,1
99538,1
77203,1
139676,1
134022,1
67877,1
107717,1
104340,1
116558,1
155546,1
163263,1
53857,1
69605,1
30156,1
107904,1
18740,1
106209,1
84495,1
117584,1
10335,1
91901,1
145840,1
77270,1
161900,1
139050,1
148074,1
175021,1
84403,1
160497,1
102327,1
120872,1
172602,1
67183,1
148186,1
19769,1
2647,1
5508,1
37766,1
177446,1
30460,1
134204,1
53809,1
45652,1
182962,1
132852,1
65176,1
154005,1
31493,1
205046,1
80401,1
164446,1
160097,1
161889,1
139245,1
194112,1
201910,1
45366,1
191279,1
153983,1
52065,1
164231,1
190346,1
144387,1
171741,1
93772,1
64701,1
203361,1
116123,1
76585,1
182273,1
98752,1
76670,1
136450,1
181523,1
166003,1
158660,1
73115,1
190474,1
160333,1
101089,1
122353,1
168004,1
21527,1
26760,1
30400,1
161551,1
89265,1
72066,1
182883,1
88292,1
152671,1
125786,1
69938,1
142141,1
181614,1
56428,1
157286,1
81441,1
197432,1
116684,1
27219,1
200822,1
102563,1
174392,1
51341,1
128230,1
79681,1
148822,1
178899,1
110204,1
169339,1
82215,1
39325,1
128516,1
186260,1
59096,1
132303,1
150682,1
109077,1
77403,1
59645,1
128038,1
12078,1
28963,1
74924,1
173076,1
182841,1
89110,1
112139,1
194740,1
117937,1
120103,1
154554,1
60440,1
94903,1
162654,1
54510,1
164719,1
155684,1
185028,1
12470,1
64759,1
143891,1
1509,1
22190,1
177112,1
191907,1
192203,1
177799,1
189576,1
172144,1
3315,1
57142,1
45998,1
116424,1
197736,1
153144,1
171973,1
51945,1
148840,1
64387,1
28118,1
77796,1
201003,1
39676,1
109562,1
149829,1
53263,1
105051,1
203252,1
201612,1
10757,1
114305,1
179452,1
13788,1
56072,1
55844,1
122002,1
118882,1
57033,1
111914,1
22264,1
152642,1
204792,1
66154,1
75892,1
161854,1
3483,1
60197,1
25881,1
96518,1
56496,1
87595,1
96972,1
50119,1
7155,1
9588,1
164275,1
81328,1
138309,1
94590,1
111795,1
14700,1
20650,1
174801,1
22338,1
118064,1
16737,1
46154,1
100224,1
122788,1
146291,1
156325,1
122058,1
41031,1
144483,1
123131,1
186374,1
180534,1
24907,1
125955,1
82794,1
185091,1
130737,1
46998,1
159845,1
201077,1
42103,1
178571,1
125512,1
154885,1
153361,1
12550,1
163316,1
158184,1
95231,1
197459,1
61101,1
132354,1
41037,1
165740,1
85662,1
80350,1
159966,1
36961,1
195331,1
169447,1
106738,1
8677,1
137664,1
174058,1
186796,1
57909,1
23468,1
193618,1
127917,1
68936,1
192415,1
52912,1
135231,1
171456,1
195735,1
21316,1
96653,1
191004,1
175790,1
149691,1
134725,1
165048,1
151365,1
178391,1
92626,1
194279,1
69163,1
80040,1
80907,1
87599,1
133645,1
113139,1
88508,1
17176,1
71269,1
196603,1
153260,1
93606,1
71893,1
91481,1
89147,1
131488,1
19808,1
137083,1
47580,1
204126,1
10475,1
187864,1
131631,1
61557,1
202412,1
173145,1
193489,1
171027,1
72334,1
57481,1
175108,1
62219,1
133709,1
35221,1
147158,1
123593,1
124830,1
167306,1
199786,1
197567,1
81449,1
188661,1
135478,1
119400,1
6100,1
4417,1
130880,1
69414,1
169522,1
29918,1
104049,1
67810,1
148410,1
8736,1
47722,1
5184,1
103997,1
51252,1
148462,1
160238,1
137036,1
179957,1
184247,1
27538,1
102786,1
197246,1
113927,1
70929,1
59666,1
174705,1
43603,1
142520,1
85648,1
96696,1
183498,1
154054,1
67986,1
201587,1
37771,1
190528,1
158783,1
130458,1
84126,1
186364,1
161190,1
109232,1
184979,1
134896,1
68608,1
38478,1
131980,1
41999,1
147926,1
100685,1
123612,1
30120,1
153894,1
125730,1
88541,1
33057,1
184262,1
11542,1
48073,1
141648,1
118354,1
38496,1
199214,1
133584,1
174372,1
6009,1
100058,1
105937,1
78853,1
71751,1
2324,1
154807,1
106125,1
77472,1
131818,1
157117,1
145522,1
186349,1
137821,1
68229,1
86062,1
86315,1
22546,1
63851,1
91508,1
110245,1
103135,1
167974,1
101009,1
93721,1
113725,1
179114,1
203261,1
98441,1
160596,1
149270,1
27147,1
139012,1
58729,1
139752,1
180616,1
177574,1
202570,1
187087,1
65416,1
79132,1
131586,1
202293,1
45419,1
153246,1
157852,1
34748,1
99598,1
143781,1
151911,1
201794,1
158084,1
73310,1
176989,1
22641,1
112932,1
96864,1
97834,1
81722,1
2621,1
113953,1
151641,1
182629,1
29621,1
58057,1
59217,1
137462,1
107414,1
127563,1
74688,1
98494,1
129034,1
34834,1
107012,1
61431,1
106655,1
129351,1
132686,1
42027,1
73777,1
56950,1
97786,1
172326,1
148828,1
92061,1
114057,1
10267,1
125444,1
15135,1
73397,1
104474,1
107781,1
102004,1
104086,1
161022,1
186549,1
22188,1
181876,1
21996,1
171747,1
197799,1
181224,1
27839,1
131947,1
195224,1
202356,1
167283,1
132896,1
192738,1
132897,1
139789,1
62317,1
96561,1
110225,1
109367,1
11729,1
156903,1
178208,1
136451,1
176329,1
79612,1
40503,1
47503,1
10088,1
8606,1
69173,1
140764,1
28247,1
87963,1
146732,1
164678,1
150728,1
118027,1
201447,1
117122,1
181285,1
168017,1
247,1
171063,1
194745,1
7308,1
91149,1
185651,1
184988,1
134683,1
33223,1
69570,1
185350,1
200604,1
184542,1
26226,1
57431,1
162494,1
118861,1
192677,1
187020,1
51547,1
171827,1
31835,1
51476,1
175544,1
146631,1
72090,1
39828,1
8161,1
53905,1
102895,1
23131,1
49430,1
88311,1
74668,1
29323,1
126454,1
134875,1
20581,1
13538,1
42984,1
121606,1
206156,1
1355,1
70021,1
197680,1
87385,1
186209,1
185682,1
16367,1
3459,1
48199,1
91442,1
110789,1
415,1
19322,1
92972,1
91915,1
138871,1
11735,1
95773,1
73275,1
149642,1
184712,1
86405,1
31346,1
151679,1
126334,1
108118,1
56062,1
194364,1
21232,1
89675,1
164232,1
647,1
92086,1
189673,1
16348,1
19509,1
16108,1
67509,1
99299,1
82072,1
8099,1
182621,1
204517,1
99861,1
90515,1
39091,1
119958,1
78722,1
80322,1
56362,1
70155,1
22122,1
139656,1
114187,1
107313,1
121712,1
99206,1
125268,1
79093,1
1286,1
25145,1
106545,1
8630,1
15655,1
128033,1
50020,1
38300,1
199337,1
59568,1
95069,1
6413,1
14888,1
30381,1
6616,1
155456,1
1331,1
155592,1
78648,1
62689,1
84941,1
125031,1
37264,1
162686,1
181272,1
15196,1
144082,1
5291,1
41899,1
39908,1
134637,1
137942,1
125393,1
115658,1
62406,1
134568,1
166382,1
43425,1
139001,1
1956,1
147825,1
53838,1
89326,1
39671,1
24208,1
12458,1
131258,1
27033,1
109773,1
10512,1
18413,1
41160,1
189628,1
177491,1
194182,1
84109,1
86243,1
180993,1
201699,1
139263,1
34620,1
182738,1
197141,1
8968,1
68696,1
4262,1
72911,1
159912,1
24230,1
112091,1
165617,1
146196,1
135326,1
203293,1
134442,1
44327,1
56179,1
137940,1
44345,1
164876,1
182399,1
39681,1
56030,1
19748,1
58762,1
152385,1
193788,1
197830,1
177726,1
22525,1
7803,1
136177,1
135141,1
148658,1
5699,1
19316,1
205884,1
75809,1
39051,1
146103,1
63940,1
183335,1
51286,1
125159,1
107866,1
153755,1
156012,1
203118,1
151112,1
181483,1
186310,1
150431,1
65891,1
192796,1
194924,1
73763,1
146620,1
352,1
13819,1
60586,1
100466,1
29740,1
99126,1
205263,1
166948,1
114348,1
183785,1
61527,1
111023,1
173406,1
111472,1
53661,1
10487,1
148688,1
81084,1
204119,1
127751,1
71238,1
25422,1
56601,1
95975,1
51065,1
155523,1
17680,1
34614,1
203657,1
167807,1
96368,1
56324,1
48500,1
180579,1
151497,1
63636,1
76608,1
136074,1
92559,1
25198,1
113743,1
157017,1
82520,1
155725,1
50076,1
196669,1
34550,1
75618,1
116759,1
79137,1
138676,1
30376,1
2491,1
87007,1
11533,1
155012,1
117496,1
190076,1
146434,1
101562,1
177555,1
31108,1
39979,1
204788,1
50491,1
162546,1
42964,1
53614,1
65831,1
108112,1
180105,1
175920,1
121074,1
45083,1
76464,1
203040,1
80972,1
103898,1
191987,1
28924,1
186601,1
54694,1
133086,1
133859,1
152254,1
66239,1
112656,1
7610,1
69540,1
20314,1
145663,1
40950,1
181788,1
48296,1
164225,1
176658,1
30516,1
158087,1
73385,1
153367,1
142304,1
55215,1
59180,1
132129,1
192924,1
36238,1
189064,1
99895,1
120991,1
193631,1
72747,1
191569,1
186380,1
132972,1
176912,1
140054,1
51159,1
161650,1
90107,1
61263,1
43370,1
8893,1
114900,1
46612,1
126491,1
56552,1
25128,1
77037,1
121260,1
106949,1
148539,1
82013,1
52376,1
174860,1
89246,1
41829,1
17707,1
6017,1
203273,1
110275,1
66390,1
125372,1
57115,1
120605,1
146622,1
188179,1
177701,1
6232,1
112045,1
44510,1
22213,1
168905,1
42731,1
159392,1
43715,1
160455,1
156892,1
17737,1
54839,1
84676,1
22014,1
16856,1
26644,1
192781,1
9900,1
100539,1
130832,1
174986,1
201728,1
122649,1
100593,1
142217,1
201924,1
102516,1
83463,1
35381,1
88498,1
111778,1
97013,1
65798,1
130807,1
58984,1
27385,1
21966,1
205735,1
118165,1
154669,1
136073,1
153187,1
62199,1
42167,1
156951,1
96159,1
57374,1
113798,1
124785,1
192453,1
120652,1
148379,1
151618,1
18694,1
93741,1
153431,1
64499,1
131416,1
12365,1
90907,1
113531,1
117459,1
32118,1
140622,1
66389,1
107127,1
32988,1
43430,1
75681,1
131204,1
60069,1
185828,1
77175,1
121489,1
139065,1
50933,1
62488,1
93108,1
75800,1
59060,1
187543,1
182649,1
94530,1
37719,1
16018,1
120573,1
177589,1
158099,1
151705,1
190265,1
57942,1
187221,1
192579,1
199803,1
124137,1
178992,1
11657,1
13912,1
145934,1
138996,1
18188,1
76978,1
25314,1
104792,1
153799,1
146446,1
195651,1
198723,1
72044,1
176191,1
48165,1
57650,1
19671,1
165501,1
109998,1
101383,1
172988,1
92415,1
35600,1
19286,1
7666,1
67978,1
153071,1
32515,1
39319,1
7358,1
201668,1
